N∞|RUC|PROVEEDOR|MODALIDAD|DEPARTAMENTO|PROVINCIA|DISTRITO|UBIGEO|DOMICILIO LEGAL|EMAIL|TEl…FONO|ESTADOS CONTRATOS|FECHA ACTUALIZACI”N|||||||||||||||||||||||||||||
1|20561372111|CONSORCIO DEL NORTE|PRODUCTOS|AMAZONAS|CHACHAPOYAS|CHACHAPOYAS|010101|JIRON LOS ROSALES N∞ 144|bioindustriasjb.eirl@gmail.com|951424380|ACTIVO|14/04/2023|||||||||||||||||||||||||||||
2|10167637316|CONSORCIO ALIMENTOS JOSAD|PRODUCTOS|AMAZONAS|BAGUA|BAGUA|010201|JIRON PIURA N∞ 158 |consorcioalimentosbagua@gmail.com|964502457|ACTIVO|14/04/2023|||||||||||||||||||||||||||||
3|10412710156|CONSORCIO DELGADO|PRODUCTOS|AMAZONAS|BAGUA|BAGUA|010201|JIRON LA LIBERTAD N∞ 217|roxanadel24@gmail.com|941874357|ACTIVO|14/04/2023|||||||||||||||||||||||||||||
4|20600726634|CONSORCIO CHACHAPOYAS|PRODUCTOS|AMAZONAS|BAGUA|LA PECA|010206|CENTRO POBLADO LA PECA - JIRON MARA—ON N∞ 123 MZA 11 LOTE 18|sharony_ph@hotmail.com|920122450|ACTIVO|14/04/2023|||||||||||||||||||||||||||||
5|20493681274|INDUSTRIAS ALIMENTARIAS SAN JUAN S.A.C.|PRODUCTOS|AMAZONAS|UTCUBAMBA|BAGUA GRANDE|010701|JIRON LIMA N∞ 440 MZA E-2 LOTE 3 SECTOR LA ESPERANZA|corporativo@indusanperu.com|956575500|ACTIVO|14/04/2023|||||||||||||||||||||||||||||
6|20608494988|CONSORCIO LA CUMBRE|PRODUCTOS|ANCASH|HUARAZ|HUARAZ|020101|BAR. VILLON ALTO PRO. SIM”N BOLÕVAR N∞1865|distribuidorcomercializalugos@gmail.com|043221948|RESUELTO|14/04/2023|||||||||||||||||||||||||||||
7|20608494988|CONSORCIO LUGOS|PRODUCTOS|ANCASH|HUARAZ|HUARAZ|020101|BAR. VILLON ALTO PRO. SIMON BOLIVAR N∞1865|distribuidorcomercializalugos@gmail.com|043221948|RESUELTO|14/04/2023|||||||||||||||||||||||||||||
8|20488316649|CONSORCIO COLLCA|PRODUCTOS|ANCASH|HUARAZ|INDEPENDENCIA|020105|AV. CONFRATERNIDAD INTERNACIONAL ESTE MZA 52 LOTE 11 (PASAJE LAS CAMPANILLAS)|elcondorhuarazsrl@hotmail.com|043601611|ACTIVO|14/04/2023|||||||||||||||||||||||||||||
9|20609536897|CONSORCIO MUSHUQ WARAY|PRODUCTOS|ANCASH|CARHUAZ|CARHUAZ|020601|AV. SANTA ROSA S/N|alimentostauri@gmail.com|0|ACTIVO|14/04/2023|||||||||||||||||||||||||||||
10|20609521601|CONSORCIO TRAZA FOODS|PRODUCTOS|ANCASH|SANTA|NUEVO CHIMBOTE|021809|PUEBLO JOVEN VILLA MARIA - JIRON INDEPENDENCIA MZA E LOTE 08|trazafoodseirl@gmail.com|043428593|ACTIVO|14/04/2023|||||||||||||||||||||||||||||
11|10742766565|CONSORCIO GRUPO GABRIEL E HIJOS|PRODUCTOS|ANCASH|SANTA|NUEVO CHIMBOTE|021809|URBANIZACI”N NICOLAS GARATEA CALLE 13 MZA 84 LOTE 7-47-48-49|oagv.almacen@gmail.com|043602685|ACTIVO|14/04/2023|||||||||||||||||||||||||||||
12|20514050211|CONSORCIO IDP|PRODUCTOS|ANCASH|SANTA|NUEVO CHIMBOTE|021809|URBANIZACI”N BUENOS AIRES - AVENIDA CHIMBOTE INTERIOR A - MZA B - LOTE S/N|industriasdelpescadosac@gmail.com|043634606|ACTIVO|14/04/2023|||||||||||||||||||||||||||||
13|20531929471|CONSORCIO SANVEL|PRODUCTOS|ANCASH|SANTA|NUEVO CHIMBOTE|021809|CALLE 5, LOTE 5A MZ.D URB. HABILITACION URBANA PARCELA N∞03 SECTOR LOS ALAMOS|meco580901@gmail.com|952075471|ACTIVO|14/04/2023|||||||||||||||||||||||||||||
14|20601809878|CONSORCIO GRUPO TASAYCO|PRODUCTOS|APURIMAC|ABANCAY|ABANCAY|030101|JIRON LIMA N∞ 113|deliz.hg@gmail.com|957785877|ACTIVO|14/04/2023|||||||||||||||||||||||||||||
15|20600463951|CONSORCIO DIGRAL|PRODUCTOS|APURIMAC|ABANCAY|TAMBURCO|030109|AVENIDA INCA GARCILAZO DE LA VEGA N∞ S/N|digrale.industriass@gmail.com|983919172|ACTIVO|14/04/2023|||||||||||||||||||||||||||||
16|20527998302|CONSORCIO APURIMAC|PRODUCTOS|APURIMAC|ABANCAY|TAMBURCO|030109|AV. NESTOR PE—A N∞399|agroeltambo@gmail.com|983666565|ACTIVO|14/04/2023|||||||||||||||||||||||||||||
17|20609109531|CONSORCIO CUATRO ESTACIONES|PRODUCTOS|APURIMAC|ABANCAY|TAMBURCO|030109|CALLE 01 S/N|cuatroestaciones2022@gmail.com|943449177|ACTIVO|14/04/2023|||||||||||||||||||||||||||||
18|20607085065|CONSORCIO SIWAR|PRODUCTOS|APURIMAC|ABANCAY|TAMBURCO|030109|AV. RICARDO PALMA S/N - URBANIZACI”N RICARDO PALMA |ecollantesvalencia@gmail.com|938232306|ACTIVO|14/04/2023|||||||||||||||||||||||||||||
19|20600008812|CONSORCIO DEL VALLE SUR|PRODUCTOS|APURIMAC|ANDAHUAYLAS|ANDAHUAYLAS|030201|JR. CAJAMARCA NRO. 148|ciadealimentosvalleverde@gmail.com|983619141|RESUELTO|14/04/2023|||||||||||||||||||||||||||||
20|10311786381|CONSORCIO SAN MIGUEL|PRODUCTOS|APURIMAC|ANDAHUAYLAS|ANDAHUAYLAS|030201|AV. SANTA CRUZ S/N|rogeliogaldosguizado@gmail.com|083201047|RESUELTO|14/04/2023|||||||||||||||||||||||||||||
21|10405214470|CONSORCIO ROLIT|PRODUCTOS|APURIMAC|ANDAHUAYLAS|ANDAHUAYLAS|030201|JR. ALFONSO UGARTE NRO. 271|comserv.lyr@gmail.com|0|ACTIVO|14/04/2023|||||||||||||||||||||||||||||
22|20602883117|CONSORCIO MAV|PRODUCTOS|APURIMAC|ANDAHUAYLAS|TALAVERA|030216|JR APURIMAC NRO 460|consorciomav21@gmail.com|083424005|ACTIVO|14/04/2023|||||||||||||||||||||||||||||
23|20456247815|ALIMENTOS NATURALES DEL SUR S.A.C.|PRODUCTOS|AREQUIPA|AREQUIPA|ALTO SELVA ALEGRE|040102|COOPERATIVA ANDRES AVELINO CACERES - CALLE 4 MZA M LOTE 12|alinsur.sac@gmail.com|990998577|ACTIVO|14/04/2023|||||||||||||||||||||||||||||
24|20454568207|ALIMENTO PROCESADO INSTANTANEO S.A.C.|PRODUCTOS|AREQUIPA|AREQUIPA|MARIANO MELGAR|040109| AVENIDA NICOLAS DE PIEROLA N∞ 832 - PUEBLO JOVEN JOSE DE SAN MARTIN|logistica@alproin.com|454163|ACTIVO|14/04/2023|||||||||||||||||||||||||||||
25|10308615044|VERA AMAO IVETTE KATHERINE|PRODUCTOS|AREQUIPA|AREQUIPA|PAUCARPATA|040112|URBANIZACION JORGE CHAVEZ - AVENIDA LIBERTAD N∞516|ivetteveraa@hotmail.com|463163|ACTIVO|14/04/2023|||||||||||||||||||||||||||||
26|20605437231|CONSORCIO LOGISTICA DELIKATH|PRODUCTOS|AREQUIPA|AREQUIPA|PAUCARPATA|040112|AV. LIBERTAD N∞516, URB JORGE CHAVEZ|CORP.DELIKATH@GMAIL.COM|054463163|ACTIVO|14/04/2023|||||||||||||||||||||||||||||
27|20100226902|ALIMENTOS PROCESADOS SA|PRODUCTOS|AREQUIPA|AREQUIPA|SACHACA|040117|CALLE AGUSTO PEREZ ARANIBAR (KILOMETRO 1.5 VARIANTE DE UCHUMAYO) N∞ SN|jlatorre@alprosa.pe|959173363|ACTIVO|14/04/2023|||||||||||||||||||||||||||||
28|20574679916|CONSORCIO COPSA|PRODUCTOS|AYACUCHO|HUAMANGA|AYACUCHO|050101|ASOCIACI”N NERY GARCIA - JIRON MANCO CAPAC MZA — LOTE 02|ind.copsa@hotmail.com|402933|ACTIVO|14/04/2023|||||||||||||||||||||||||||||
29|20603942362|CONSORCIO ALIMENTOS AYACUCHO|PRODUCTOS|AYACUCHO|HUAMANGA|AYACUCHO|050101|C.P. ASOCIACI”N ARTESANOS - BLOQUE ARTESANAL MZA F LOTE 14|andisursac@hotmail.com|966249846|RESUELTO|14/04/2023|||||||||||||||||||||||||||||
30|20574680761|CONSORCIO AXAS|PRODUCTOS|AYACUCHO|HUAMANGA|SAN JUAN BAUTISTA|050110|JIRON LA MAR N∞ 423 SAN JUAN BAUTISTA|raxj1829@gmail.com|988600850|ACTIVO|14/04/2023|||||||||||||||||||||||||||||
31|20574608652|CONSORCIO SAN ANTONIO DE PADUA|PRODUCTOS|AYACUCHO|HUAMANGA|SAN JUAN BAUTISTA|050110|AV. JAVIER HERAUD N∞ 945|ciberia03@gmail.com|066639043|ACTIVO|14/04/2023|||||||||||||||||||||||||||||
32|20603660596|CONSORCIO VRAE|PRODUCTOS|AYACUCHO|HUAMANGA|SAN JUAN BAUTISTA|050110|JR JOSE CARLOS MARIATEGUI NRO 417|porrasjeanett@gmail.com|914679588|ACTIVO|14/04/2023|||||||||||||||||||||||||||||
33|20601710316|CONSORCIO INDUSTRIA DE ALIMENTOS A Y M|PRODUCTOS|AYACUCHO|HUAMANGA|SAN JUAN BAUTISTA|050110|JIRON LOS PROCERES N∞ 240|creaalimentossac@hotmail.com|966975124|ACTIVO|14/04/2023|||||||||||||||||||||||||||||
34|20610105794|CONSORCIO S & R|PRODUCTOS|AYACUCHO|HUAMANGA|JESUS NAZARENO|050115|JR GERVACIO ALVAREZ N∞ 282 UB. SANTA NERTHA|SAMKIFOODEIRL@hotmail.com|994455253|ACTIVO|14/04/2023|||||||||||||||||||||||||||||
35|20601723043|CONSORCIO SANTA ROSA DE LIMA|PRODUCTOS|AYACUCHO|HUAMANGA|ANDRES AVELINO CACERES DORREGARAY|050116|AV 9 DE DICIEMBRE N∞ 244|corporacionsanantoniopadua@gmail.com|066613759|RESUELTO|14/04/2023|||||||||||||||||||||||||||||
36|20602684645|PROCESADORA DE ALIMENTOS WARPA S.A.C|PRODUCTOS|AYACUCHO|HUANTA|HUANTA|050401|JIRON SALVADOR CAVERO N∞ 465|warpaa220@gmail.com|999935163|ACTIVO|14/04/2023|||||||||||||||||||||||||||||
37|20600047231|CONSORCIO OROPESA ALIMENTOS|PRODUCTOS|AYACUCHO|HUANTA|HUANTA|050401|JR. VICTOR FAJARDO NRO 275|nrivashuaman5@gmail.com|946548962|ACTIVO|14/04/2023|||||||||||||||||||||||||||||
38|10286029642|RUIZ CHAVEZ CAROLINA|PRODUCTOS|AYACUCHO|HUANTA|SIVIA|050407|C.P. SIVIA - URBANIZACI”N SIVIA - AVENIDA QUINACHO MZ. X, LOTE 12|carolinaruizchavez11@gmail.com|066282274|ACTIVO|14/04/2023|||||||||||||||||||||||||||||
39|10425033269|DIAZ PORTILLA DIANA LEONOR|PRODUCTOS|CAJAMARCA|CAJAMARCA|CAJAMARCA|060101|JIRON SAN LUIS N∞ 364 - BARRIO PUEBLO LIBRE|leonor3116@hotmail.com|955664257|ACTIVO|14/04/2023|||||||||||||||||||||||||||||
40|20570539095|CONSORCIO LT|PRODUCTOS|CAJAMARCA|CAJAMARCA|CAJAMARCA|060101|JIRON JUAN BEATO MASIAS N∞ 1522|rodriguezpradocarlos@gmail.com|969775055|ACTIVO|14/04/2023|||||||||||||||||||||||||||||
41|20495997651|CONSORCIO LA PACCHA|PRODUCTOS|CAJAMARCA|CAJAMARCA|CAJAMARCA|060101|PROL. LA PAZ 409 - SECTOR N∞ 23 - PACCHA|cmplbachota@gmail.com|949019957|ACTIVO|14/04/2023|||||||||||||||||||||||||||||
42|20603535040|CONSORCIO IKIGAI|PRODUCTOS|CAJAMARCA|CAJAMARCA|CAJAMARCA|060101|JIRON LOS NOGALES N∞ 374 - URBANIZACION EL INGENIO|serviciosikigaisac@gmail.com|076261042|ACTIVO|14/04/2023|||||||||||||||||||||||||||||
43|20603535040|CONSORCIO TUPAC AMARU|PRODUCTOS|CAJAMARCA|CAJAMARCA|CAJAMARCA|060101|URBANIZACI”N EL INGENIO - JIRON LOS NOGALES N∞ 374|serviciosikigaisac@gmail.com|076261042|ACTIVO|14/04/2023|||||||||||||||||||||||||||||
44|20601737362|CONSORCIO PADRE ETERNO|PRODUCTOS|CAJAMARCA|CAJAMARCA|CAJAMARCA|060101|JR. MARIANO MELGA 419 BARRIO LA COLMENA|padre.eterno092@gmail.com|076604026|ACTIVO|14/04/2023|||||||||||||||||||||||||||||
45|20609882728|CONSORCIO MILAGROS DE JESUS|PRODUCTOS|CAJAMARCA|CAJAMARCA|CAJAMARCA|060101|AV. H…ROES DE CENEPA N∞ 2355 |mijesac.2023@gmail.com|949123647|ACTIVO|14/04/2023|||||||||||||||||||||||||||||
46|20607422622|CONSORCIO D&M|PRODUCTOS|CAJAMARCA|CAJAMARCA|CAJAMARCA|060101| LOTIZACION VALLE HUACARIZ - AVENIDA VIA DE EVITAMIENTO N∞ 2701|inversiones.idrova@gmail.com|942378750|ACTIVO|14/04/2023|||||||||||||||||||||||||||||
47|20603750188|CONSORCIO NORPERUANO|PRODUCTOS|CAJAMARCA|CAJAMARCA|NAMORA|060111|MZ. A CASERIO CASA BLANCA |candroccajamarcasac@gmail.com|976998172|ACTIVO|14/04/2023|||||||||||||||||||||||||||||
48|20601888310|CONSORCIO PEDREGAL|PRODUCTOS|CAJAMARCA|CAJAMARCA|NAMORA|060111|MZ. A LOTE S/N EL TRIUNFO |gdelgadob82@gmail.com|949019957|ACTIVO|14/04/2023|||||||||||||||||||||||||||||
49|20603309139|CONSORCIO AMOJU|PRODUCTOS|CAJAMARCA|JAEN|JAEN|060801|TUPAC AMARU N∞ 356 |vadihafoods@gmail.com|976115435|ACTIVO|14/04/2023|||||||||||||||||||||||||||||
50|20601629276|TIERRA FERTIL SERVICIOS GENERALES ALIMENTICIOS G Y F SOCIEDAD ANONIMA CERRADA|PRODUCTOS|CAJAMARCA|JAEN|JAEN|060801|PSJE HUAMANTANGA N∞118-SECTOR LAS ALMENDRAS|tierrafertilgyf@gmail.com|962932037|ACTIVO|14/04/2023|||||||||||||||||||||||||||||
51|20570566734|CONSORCIO ROYERS|PRODUCTOS|CAJAMARCA|JAEN|JAEN|060801|"CP MORRO SOLAR - URBANIZACI”N SAN JAVIER ARMAS - AVENIDA ""A"" N∞805"|neagroindustrias@gmail.com|978998979|ACTIVO|14/04/2023|||||||||||||||||||||||||||||
52|10278495723|CONSORCIO SANTA ROSA|PRODUCTOS|CAJAMARCA|JAEN|JAEN|060801|JIRON ABRAHAM VALDELOMAR N∞185|horacioramirez8@hotmail.com|976993067|ACTIVO|14/04/2023|||||||||||||||||||||||||||||
53|20482091572|CONSORCIO DON BETO|PRODUCTOS|CAJAMARCA|JAEN|JAEN|060801|PASAJE HUAMANTANGA N∞ 118 SECTOR LAS ALMENDRAS|alimentosfuncionaleskaizen@gmail.com|975565183|ACTIVO|14/04/2023|||||||||||||||||||||||||||||
54|20479761974|CONSORCIO TPS|PRODUCTOS|CAJAMARCA|JAEN|JAEN|060801|"CALLE ""VISTA ALEGRE"" N∞ 111"|arpermigaeirl@gmail.com|076269663|RESUELTO|14/04/2023|||||||||||||||||||||||||||||
55|20480099568|W & C SAN JUAN ALMACENES S.A.C.|PRODUCTOS|CAJAMARCA|JAEN|JAEN|060801|AV. PAKAMUROS N∞ S/N KM 20 - SECTOR PUEBLO LIBRE (COSTADO DE MOLINO LOS ANGELES)|sanjuan2022@wcsanjuanalmacenes.com|948512392|ACTIVO|14/04/2023|||||||||||||||||||||||||||||
56|20603717393|CONSORCIO EL SANTUARIO|PRODUCTOS|CAJAMARCA|SAN IGNACIO|NAMBALLE|060905|AV. BINACIONAL S/N |consorciolafrontera@gmail.com|952029138|ACTIVO|14/04/2023|||||||||||||||||||||||||||||
57|20603717393|CONSORCIO LA FRONTERA|PRODUCTOS|CAJAMARCA|SAN IGNACIO|NAMBALLE|060905|AV. BINACIONAL S/N |consorciolafrontera@gmail.com|952029138|ACTIVO|14/04/2023|||||||||||||||||||||||||||||
58|20482425705|CASH FOODS S.R.L.|PRODUCTOS|CALLAO|CALLAO|VENTANILLA|070106|URBANIZACI”N ZONA INDUSTRIAL - AVENIDA LOS PRECURSORES N∞ 502 Z.I.|cashfood@hotmail.com|015943505|ACTIVO|14/04/2023|||||||||||||||||||||||||||||
59|20482425705|CONSORCIO AMERICA CASH|PRODUCTOS|CALLAO|CALLAO|VENTANILLA|070106| URBANIZACI”N ZONA INDUSTRIAL - AVENIDA LOS PRECURSORES N∞ 502 Z.I.|cashfood@hotmail.com|015943505|ACTIVO|14/04/2023|||||||||||||||||||||||||||||
60|20482425705|CONSORCIO STARPERU|PRODUCTOS|CALLAO|CALLAO|VENTANILLA|070106| URBANIZACI”N ZONA INDUSTRIAL - AVENIDA LOS PRECURSORES N∞ 502 Z.I|cashfood@hotmail.com|015943505|ACTIVO|14/04/2023|||||||||||||||||||||||||||||
61|20602034519|CONSORCIO CCORESCO 2023|PRODUCTOS|CUSCO|CUSCO|SAN JERONIMO|080104|LOTE 5 SECTOR LLOCLLAPATA|ccoresco.ventas@gmail.com|084206814|ACTIVO|14/04/2023|||||||||||||||||||||||||||||
62|17400998086|CONSORCIO ANDINO|PRODUCTOS|CUSCO|CUSCO|SAN SEBASTIAN|080105| APV. VILLA ANDINA, LA PLANICIE MZA E LOTE 27|jpc.distribuidora@yahoo.com|600459|ACTIVO|14/04/2023|||||||||||||||||||||||||||||
63|20605076018|CONSORCIO HORUS|PRODUCTOS|CUSCO|ANTA|PUCYURA|080308|LOTIZACI”N EL BOSQUE MZ. A LOTE 4|cserna@corpalen.com|942063839|ACTIVO|14/04/2023|||||||||||||||||||||||||||||
64|20600838220|CONSORCIO CASA BLANCA|PRODUCTOS|CUSCO|CANCHIS|SICUANI|080601|AV. CONFEDERACI”N N∞345|grupocasablancacc@gmail.com|987720590|ACTIVO|14/04/2023|||||||||||||||||||||||||||||
65|20490119893|AGROINDUSTRIAS NUTRIFORT EMPRESA INDIVIDUAL DE RESPONSABILIDAD LIMITADA|PRODUCTOS|CUSCO|CANCHIS|SICUANI|080601|URB. SAN ISIDRO - PJE. NICOLAS DE PIEROLA N∫ 178|karmin2083@gmail.com|987188187|ACTIVO|14/04/2023|||||||||||||||||||||||||||||
66|10719373742|CONSORCIO EL VALLE|PRODUCTOS|HUANUCO|HUANUCO|HUANUCO|100101|CENTRO POBLADO HUANUCO - JIRON LEONCIO PRADO N∞ 1710|carlosantezanamercado@gmail.com|962831788|ACTIVO|14/04/2023|||||||||||||||||||||||||||||
67|10471658494|CONSORCIO R&S|PRODUCTOS|HUANUCO|HUANUCO|HUANUCO|100101|"JR. LOS ALAMOS NRO 283 (SEGUNDO PISO) URB. CAYHUAYNA BAJA,
DISTRITO DE PILLCO MARCA, PROVINCIA HUANUCO Y DEPARTAMENTO HUANUCO, EN EL DISTRITO DE
HUANUCO, PROVINCIA DE HUANUCO, DEPARTAMENTO DE HUANUCO"|molipan2006@hotmail.com|970094244|ACTIVO|14/04/2023|||||||||||||||||||||||||||||
68|10404207429|CONSORCIO CHINCHAO|PRODUCTOS|HUANUCO|HUANUCO|HUANUCO|100101|JIRON  ABTAO N∞ 1808|onsihuay@gmail.com|975467028|ACTIVO|14/04/2023|||||||||||||||||||||||||||||
69|20606736038|CONSORCIO GIVAL|PRODUCTOS|HUANUCO|HUANUCO|HUANUCO|100101|JIRON ABTAO N∞ 810 PISO TERCER PISO|rodri021278@gmail.com|986808448|ACTIVO|14/04/2023|||||||||||||||||||||||||||||
70|20606736038|CONSORCIO MILAGROS|PRODUCTOS|HUANUCO|HUANUCO|HUANUCO|100101|JIRON ABTAO N∞ 810 (TERCER PISO)|rodri021278@gmail.com|986808448|RESUELTO|14/04/2023|||||||||||||||||||||||||||||
71|20607420468|CONSORCIO LA DESPENSA|PRODUCTOS|HUANUCO|HUANUCO|HUANUCO|100101|JIR”N LEONCIO PRADO N∞ 149 - INTERIOR A-21|industriascalicantosac@gmail.com|952276342|ACTIVO|14/04/2023|||||||||||||||||||||||||||||
72|10460012606|CONSORCIO PILLCO MOZO|PRODUCTOS|HUANUCO|HUANUCO|AMARILIS|100102|CENTRO POBLADO LLICUA BAJA - PASAJE LIMA MZA A LOTE 01|davidallpas19@hotmail.com|980631946|ACTIVO|14/04/2023|||||||||||||||||||||||||||||
73|20529067179|INVERSIONES FORTIFOODS EMPRESA INDIVIDUAL DE RESPONSABILIDAD LIMITADA|PRODUCTOS|HUANUCO|HUANUCO|AMARILIS|100102|URBANIZACION SANTA MARIA DEL HUALLAGA LOTE 10|inversionesfortifoods@hotmail.com|984247654|ACTIVO|14/04/2023|||||||||||||||||||||||||||||
74|20601594383|CONSORCIO NAZARENO|PRODUCTOS|HUANUCO|HUANUCO|AMARILIS|100102|CENTRO POBLADO LLICUA BAJA - URBANIZACI”N SANTA MARIA DEL HUALLAGA LOTE 10|distribucionesbrylat@hotmail.com|984247654|ACTIVO|14/04/2023|||||||||||||||||||||||||||||
75|20602586481|CONSORCIO TOMAY QUICHWA|PRODUCTOS|HUANUCO|AMBO|TOMAY KICHWA|100208|JR HUALLAGA SN (200 METROS DEL PUENTE TOMAYQUICHUA)|fressia_millan21@hotmail.com|953985388|ACTIVO|14/04/2023|||||||||||||||||||||||||||||
76|10102239003|CONSORCIO ALIMENTOS BYD|PRODUCTOS|ICA|ICA|ICA|110101|RESIDENCIAL LA ANGOSTURA - CALLE EUCALIPTOS MZA Q LOTE 8|evelynbl@hotmail.com|056604329|ACTIVO|14/04/2023|||||||||||||||||||||||||||||
77|10218353130|CONSORCIO TASAYCO|PRODUCTOS|ICA|CHINCHA|CHINCHA ALTA|110201|CALLE MARIZCAL SUCRE N∞ 324|genaro.tasayco1@gmail.com|976173349|ACTIVO|14/04/2023|||||||||||||||||||||||||||||
78|10218347962|CONSORCIO RENACER 1|PRODUCTOS|ICA|CHINCHA|GROCIO PRADO|110206|CALLE ANDRES CORCINIO N∞15 BLOCK B - CENTRO POBLADO EL PORVENIR|walter.tasayco1308@gmail.com|976173349|ACTIVO|14/04/2023|||||||||||||||||||||||||||||
79|20608157884|CONSORCIO SAN GABRIEL|PRODUCTOS|ICA|PISCO|PISCO|110501|CENTRO POBLADO PISCO - URBANIZACI”N LOTIZACION URBANA SANTA ROSA MZ I LOTE 15|inver_famargaeirl@hotmail.com|987174455|ACTIVO|14/04/2023|||||||||||||||||||||||||||||
80|10222832751|CONSORCIO SAN FRANCISCO PISCO II|PRODUCTOS|ICA|PISCO|TUPAC AMARU INCA|110508|CENTRO POBLADO CASALLA - PUEBLO JOVEN SN - CALLE INDEPENDENCIA MZA 01 LOTE 23|whcadillo@hotmail.com|05676661|ACTIVO|14/04/2023|||||||||||||||||||||||||||||
81|20609994445|CONSORCIO SUYAY|PRODUCTOS|JUNIN|HUANCAYO|HUANCAYO|120101|AV. LA VICTORIA N∞ 410|a.coemfort@gmail.com|064404341|ACTIVO|14/04/2023|||||||||||||||||||||||||||||
82|20601545633|CORPORACION ALIMENTARIA HUANCAVELICA S.A.C.|PRODUCTOS|JUNIN|HUANCAYO|CHILCA|120107| JR. GARCILAZO DE LA VEGA N∞ 275|robinsoncomun@proalfa.pe|964978029|ACTIVO|14/04/2023|||||||||||||||||||||||||||||
83|20601725054|CONSORCIO NEGODAI|PRODUCTOS|JUNIN|HUANCAYO|CHILCA|120107|CAL.REAL NRO. 2345 OTR. AZAPAMPA (POR EL OVALO DE AZAPAMPA)|inversionesayhsrl@gmail.com|948572962|ACTIVO|14/04/2023|||||||||||||||||||||||||||||
84|20602636659|CONSORCIO SEBASTIAN|PRODUCTOS|JUNIN|HUANCAYO|EL TAMBO|120114|JIR”N PIURA MZ 22A LOTE 8 ASENTAMIENTO HUMANO LA VICTORIA|doliksasrl@gmail.com|064245392|ACTIVO|14/04/2023|||||||||||||||||||||||||||||
85|10435532506|CASTRO YANGALI EDUARDO MACOTT|PRODUCTOS|JUNIN|HUANCAYO|EL TAMBO|120114|JIRON LIBERTAD N∞ 2760|emcy.022@gmail.com|064243233|ACTIVO|14/04/2023|||||||||||||||||||||||||||||
86|20601784492|CONSORCIO MI CILITA|PRODUCTOS|JUNIN|HUANCAYO|PILCOMAYO|120125|AV. CORONEL PARRA S/N|produccioneswilqui@gmail.com|921364585|ACTIVO|14/04/2023|||||||||||||||||||||||||||||
87|20489620171|CONSORCIO FORTALEZA PERU|PRODUCTOS|JUNIN|CONCEPCION|CONCEPCION|120201|JIR”N JUNÕN N∞ 934|domix.peru@gmail.com|064404341|RESUELTO|14/04/2023|||||||||||||||||||||||||||||
88|10417050804|CONSORCIO SAN EXPEDITO|PRODUCTOS|JUNIN|CHANCHAMAYO|CHANCHAMAYO|120301| CAL. MARIA AUXILIADORA S/N URB. SAN CARLOS |CONSORCIOSANEXPEDITO2019@HOTMAIL.COM|064333806|ACTIVO|14/04/2023|||||||||||||||||||||||||||||
89|20602681387|CADISEL SOCIEDAD ANONIMA CERRADA - CADISEL SAC.|PRODUCTOS|JUNIN|SATIPO|SATIPO|120601|CARRETERA MARGINAL LA MERCED N∞ 2438|cadisel1234@gmail.com|924705538|ACTIVO|14/04/2023|||||||||||||||||||||||||||||
90|20608550713|CONSORCIO QUALITY|PRODUCTOS|LA LIBERTAD|TRUJILLO|TRUJILLO|130101|CALLE LAS PERLAS  MZA 70 LOTE 25 - URBANIZACI”N LA RINCONADA|quality.salinascorp@gmail.com|044617317|ACTIVO|14/04/2023|||||||||||||||||||||||||||||
91|20608432028|CONSORCIO SALINAS AREDO|PRODUCTOS|LA LIBERTAD|TRUJILLO|TRUJILLO|130101|CALLE LOS CEDROS MZA 50 LOTE 1 - URBANIZACI”N LA RINCONADA|industrias.salinascorp@gmail.com|044617317|ACTIVO|14/04/2023|||||||||||||||||||||||||||||
92|20608432028|CONSORCIO VALLEJO|PRODUCTOS|LA LIBERTAD|TRUJILLO|TRUJILLO|130101|URB. LA RINCONADA - CALLE LOS CEDROS MZA. 50, LT. 1|industrias.salinascorp@gmail.com|044617317|ACTIVO|14/04/2023|||||||||||||||||||||||||||||
93|20609424258|CONSORCIO LUZ DEL SOL|PRODUCTOS|LA LIBERTAD|TRUJILLO|HUANCHACO|130104|ASENTAMIENTO HUMANO LOS EUCALIPTOS INTERIOR A  MZA A LOTE 14|vincorpsac2022@gmail.com|945981141|ACTIVO|14/04/2023|||||||||||||||||||||||||||||
94|20481857385|CONSORCIO PUMA SAC|PRODUCTOS|LA LIBERTAD|TRUJILLO|MOCHE|130107|AV. LA MARINA SUB LOTE PREDIO BOCANEGRA 1 A|ntpumasac@yahoo.es|949534091|ACTIVO|14/04/2023|||||||||||||||||||||||||||||
95|20608258907|CONSORCIO OPERADOR LOGISTICO DEL NORTE|PRODUCTOS|LAMBAYEQUE|CHICLAYO|CHICLAYO|140101|AVENIDA LUIS GONZALES N∞1432|decordulcemania@gmail.com|917461969|ACTIVO|14/04/2023|||||||||||||||||||||||||||||
96|20603827334|CONSORCIO SAN LORENZO|PRODUCTOS|LAMBAYEQUE|CHICLAYO|CHICLAYO|140101|CENTRO POBLADO CHICLAYO - CENTRO POBLADO NUEVA ESPERANZA - AVENIDA EL TRIUNFO MZA A LOTE 09|sanlorenzosac1@gmail.com|956924994|ACTIVO|14/04/2023|||||||||||||||||||||||||||||
97|20561108014|CONSORCIO ALIMENTOS KAYA|PRODUCTOS|LAMBAYEQUE|CHICLAYO|MONSEFU|140108|CALLE DIVINO NI—O N∞ 170 SECTOR SAN JOSE|cevergel@gmail.com|074325309|ACTIVO|14/04/2023|||||||||||||||||||||||||||||
98|20601257387|CONSORCIO VICTORIA|PRODUCTOS|LAMBAYEQUE|CHICLAYO|PIMENTEL|140112|ZONA INDUSTRIAL PARQUE INDUSTRIAL - OTROS PREDIO LOS ARENALES SUB LOTE B-1E|logistica@grupovasquez.com.pe|74775280|ACTIVO|14/04/2023|||||||||||||||||||||||||||||
99|20601257387|CONSORCIO VICTORIO|PRODUCTOS|LAMBAYEQUE|CHICLAYO|PIMENTEL|140112|ZONA INDUSTRIAL PARQUE INDUSTRIAL - OTROS PREDIO LOS ARENALES SUB LOTE B-1E|logistica@grupovasquez.com.pe|74775280|ACTIVO|14/04/2023|||||||||||||||||||||||||||||
100|20487593941|CONSORCIO TROPICAL|PRODUCTOS|LAMBAYEQUE|LAMBAYEQUE|LAMBAYEQUE|140301|"CARRETERA  PANAMERICANA NORTE KM 778 (COSTADO DEL MOLINO TROPICAL KM 778.5)
"|tropicalworld1@gmail.com|948532340|ACTIVO|14/04/2023|||||||||||||||||||||||||||||
101|20601572568|COMERCIO INDUSTRIA Y SERVICIOS GMV E.I.R.L.|PRODUCTOS|LAMBAYEQUE|LAMBAYEQUE|SAN JOSE|140311|FUNDO SAN MANUEL - CARRETERA SAN JOSE KM 3|consorciocentrop@gmail.com|074211305|ACTIVO|14/04/2023|||||||||||||||||||||||||||||
102|20533650351|CONSORCIO GRUPO DYH|PRODUCTOS|LIMA|LIMA|ANCON|150102|CALLE LAS TEMPERATURAS MZ H LT 04 ACOMPIA|dyhzarzosasrl@gmail.com|970601164|ACTIVO|14/04/2023|||||||||||||||||||||||||||||
103|20365808016|CONSORCIO HORIZONTE|PRODUCTOS|LIMA|LIMA|ANCON|150102|VIA AUXILIAR PANAMERICANA NORTE MZ O1 LOTE 14 Z.I. PARQUE INDUSTRIAL|rserna@corpalen.com|998463353|ACTIVO|14/04/2023|||||||||||||||||||||||||||||
104|20609450879|CONSORCIO GLOBAL FOODS|PRODUCTOS|LIMA|LIMA|ATE|150103|CALLE ANKARA MZ E1 , LT 06 URBANIZACION LOS PORTALES DE JAVIER PRADO II ETAPA|inverfoods.sac@gmail.com|987315926|ACTIVO|14/04/2023|||||||||||||||||||||||||||||
105|20604827877|CONSORCIO LIMA SUR|PRODUCTOS|LIMA|LIMA|CARABAYLLO|150106|CENTRO POBLADO CARABAYLLO - URBANIZACI”N SANTO TOMAS DE CARABAYLLO - CALLE MZA L LOTE 20|grupocoalpe@gmail.com|958337529|ACTIVO|14/04/2023|||||||||||||||||||||||||||||
106|10448851279|CONSORCIO INVERFOOD|PRODUCTOS|LIMA|LIMA|CARABAYLLO|150106|URBANIZACI”N SANTA MARIA ETAPA 11 - CALLE MIGUEL ANGEL BOUNAROTTI MZA Q LOTE 1|eperez4488@gmail.com|981564981|ACTIVO|14/04/2023|||||||||||||||||||||||||||||
107|10400376447|CONSORCIO JIMAR|PRODUCTOS|LIMA|LIMA|COMAS|150110|URBANIZACI”N LA HACIENDA - CALLE 3 C MZA G LOTE 1|jimar.gove.2020@gmail.com|932103848|ACTIVO|14/04/2023|||||||||||||||||||||||||||||
108|10402518133|CONSORCIO TRES MARIAS|PRODUCTOS|LIMA|LIMA|COMAS|150110|AV. 22 DE AGOSTO N∞996 - URB. SANTA LUZMILA II ETAPA|cjgiovanamaria1@gmail.com|6366048|ACTIVO|14/04/2023|||||||||||||||||||||||||||||
109|20601688965|CONSORCIO ESTRELLA DEL NORTE 2|PRODUCTOS|LIMA|LIMA|COMAS|150110|JIRON 8 DE ENERO N∞930 |innovapan1@gmail.com|971118933|ACTIVO|14/04/2023|||||||||||||||||||||||||||||
110|20601705941|CONSORCIO ATLANTA ALIMENTOS|PRODUCTOS|LIMA|LIMA|COMAS|150110|AV. METROPOLITANA N∫ 902 MZ : I LT : 8A URB. SANTA ISOLINA I ETAPA|elfer906_72@hotmail.com|974872524|ACTIVO|14/04/2023|||||||||||||||||||||||||||||
111|10201085344|LUNA ESCOBAR MIGUEL RUBEN|PRODUCTOS|LIMA|LIMA|JESUS MARIA|150113|JR. PACHACUTEC N∞ 901|mige1977@hotmail.com|936862875|ACTIVO|14/04/2023|||||||||||||||||||||||||||||
112|10096070263|CONSORCIO WAYRA|PRODUCTOS|LIMA|LIMA|LA VICTORIA|150115| AV. PALERMO 588 |info@wayra.com.pe|997443123|ACTIVO|14/04/2023|||||||||||||||||||||||||||||
113|10038730008|CONSORCIO CRISTO REY|PRODUCTOS|LIMA|LIMA|LOS OLIVOS|150117|AV HUANDOY MZ E3 LOTE 73 URB. LOS NARANJOS III ETAPA |paulyarleque15c@gmail.com|016542713|ACTIVO|14/04/2023|||||||||||||||||||||||||||||
114|20601735751|CONSORCIO ISCA|PRODUCTOS|LIMA|LIMA|LOS OLIVOS|150117|URBANIZACI”N COVIDA ETAPA 3 - JIRON LOS CASTA—OS N∞ 1137|gj-trujillo@hotmail.com|990199055|ACTIVO|14/04/2023|||||||||||||||||||||||||||||
115|20602429556|CONSORCIO GJ|PRODUCTOS|LIMA|LIMA|LOS OLIVOS|150117|N URBANIZACI”N MERCURIO - JIRON CARAZ N∞ 912|gj_corporation@hotmail.com|949943685|ACTIVO|14/04/2023|||||||||||||||||||||||||||||
116|20565424182|CONSORCIO NUTRIARBOL|PRODUCTOS|LIMA|LIMA|LOS OLIVOS|150117|URBANIZACI”N MARISCAL GAMARRA MZA O LOTE 2-3|industriaswicasaeirl@gmail.com|996872597|ACTIVO|14/04/2023|||||||||||||||||||||||||||||
117|20503516455|PALOMA NIDITO DE AMOR E.I.R.L.|PRODUCTOS|LIMA|LIMA|LOS OLIVOS|150117|"PUEBLO JOVEN P.J.P.M.V. ""CONFRATERNIDAD"" (AA.HH. SAN MARTIN DE PORRES) - AVENIDA HUANDOY (ANTES PROCERES) MZA 205 LOTE 35"|nidito_14@hotmail.com|951304828|ACTIVO|14/04/2023|||||||||||||||||||||||||||||
118|20604712115|HOLDING ALIMENTARIO ANDINO SOCIEDAD ANONIMA CERRADA|PRODUCTOS|LIMA|LIMA|LOS OLIVOS|150117|JIRON SANTA ELENA N∞ 232, URB SANTA ANA|holding.andinosac@gmail.com|0000|RESUELTO|14/04/2023|||||||||||||||||||||||||||||
119|10435532506|CONSORCIO CENTRAL|PRODUCTOS|LIMA|LIMA|LURIGANCHO|150118| CALLE LAS MIMOSAS MZ. B-2 LOTE 8 LA CAPITANA ,C.P. SANTA MARIA DE HUACHIPA|emcy.022@gmail.com|064243233|ACTIVO|14/04/2023|||||||||||||||||||||||||||||
120|20604311609|CONSORCIO GAIA|PRODUCTOS|LIMA|LIMA|PUEBLO LIBRE|150121|CENTRO POBLADO PUEBLO LIBRE - AVENIDA MANUEL CIPRIANO DULANTO N∞ 2047 BLOCK B INTERIOR 302 PISO 3|zafiro.qw@gmail.com|986390261|ACTIVO|14/04/2023|||||||||||||||||||||||||||||
121|20606957646|CONSORCIO SOAN FOODS|PRODUCTOS|LIMA|LIMA|PUENTE PIEDRA|150125|CALLE LOS CEDROS N∞495 - URB. SHANGRILA|productos.soan.sac@hotmail.com|970089288|ACTIVO|14/04/2023|||||||||||||||||||||||||||||
122|20607713651|CONSORCIO CEDAMP|PRODUCTOS|LIMA|LIMA|PUENTE PIEDRA|150125|ASOCIACI”N DE PROPIETARIOS DE ALAMEDA DEL NORTE - CALLE LAS ACACIAS MZA D4 LOTE 15|corp.dampsac@gmail.com|968823853|ACTIVO|14/04/2023|||||||||||||||||||||||||||||
123|10232722318|CONSORCIO SAN CRISTOBAL|PRODUCTOS|LIMA|LIMA|PUENTE PIEDRA|150125|CALLE LOS NOGALES N∫ 142 URBANIZACION SHANGRILA|angelicayapuchuraccanto@gmail.com|0|ACTIVO|14/04/2023|||||||||||||||||||||||||||||
124|10232722318|CONSORCIO SAN CRISTOBAL 1|PRODUCTOS|LIMA|LIMA|PUENTE PIEDRA|150125|CALLE LOS NOGALES N∞131 URB. SHANGRILA|angelicayapuchuraccanto@gmail.com|0|ACTIVO|14/04/2023|||||||||||||||||||||||||||||
125|10104772612|CONSORCIO SHIRAMBARI|PRODUCTOS|LIMA|LIMA|SAN BORJA|150130|AVENIDA SAN BORJA NORTE N∞ 1455|mercydianalissette.2020@hotmail.com|975689266|ACTIVO|14/04/2023|||||||||||||||||||||||||||||
126|10410733183|CONSORCIO ALPRONUT|PRODUCTOS|LIMA|LIMA|SAN JUAN DE LURIGANCHO|150132| CALLE LAS MIMOSAS MZ. B-2 LOTE 8 LA CAPITANA ,C.P. SANTA MARIA DE HUACHIPA|jenniferbo2023@gmail.com|981214461|ACTIVO|14/04/2023|||||||||||||||||||||||||||||
127|10092123958|CONSORCIO COALPE|PRODUCTOS|LIMA|LIMA|SAN JUAN DE LURIGANCHO|150132|CENTRO POBLADO CAMPOY - COOPERATIVA AGUAS GASIFICADAS - PARQUE INCA KOLA MZA C LOTE 3|dalmiraov2023@gmail.com|915353260|ACTIVO|14/04/2023|||||||||||||||||||||||||||||
128|10101160969|CONSORCIO VITAL NUTRITION|PRODUCTOS|LIMA|LIMA|SAN JUAN DE LURIGANCHO|150132|CALLE LAS MIMOSAS MZ. B-2 LOTE 8 LA CAPITANA ,C.P. SANTA MARIA DE HUACHIPA|mvioletabo2023@gmail.com|980768964|ACTIVO|14/04/2023|||||||||||||||||||||||||||||
129|10104127962|CONSORCIO JOSE OLAYA|PRODUCTOS|LIMA|LIMA|SAN MARTIN DE PORRES|150135|APV LOS LIBERTADORES MZ. Y LT. 8|nutrifareirl.1@gmail.com|971118933|ACTIVO|14/04/2023|||||||||||||||||||||||||||||
130|10404496111|CONSORCIO QUALITY COMPANY|PRODUCTOS|LIMA|LIMA|SAN MARTIN DE PORRES|150135| COOPERATIVA VIRGEN DE FATIMA - CALLE EL OLIVAR MZA D LOTE 3-B|Qualitycompani1@gmail.com|967207768|ACTIVO|14/04/2023|||||||||||||||||||||||||||||
131|10758535300|CONSORCIO JIREH|PRODUCTOS|LIMA|LIMA|SAN MARTIN DE PORRES|150135|MZ A LT 1 PROG VIV LA RIVIERA|fdyarlequenutrifar@gmail.com|952274391|ACTIVO|14/04/2023|||||||||||||||||||||||||||||
132|20450575934|CONSORCIO SUAREZ|PRODUCTOS|LIMA|LIMA|SAN MARTIN DE PORRES|150135|AV. TOMAS VALLE N∞ 2045 - URB. SAN PEDRO DE GARAGAY|suarezconsorcio@hotmail.com|015389143|ACTIVO|14/04/2023|||||||||||||||||||||||||||||
133|20521948222|CONSORCIO UNION|PRODUCTOS|LIMA|LIMA|SAN MARTIN DE PORRES|150135|URBANIZACI”N COOP. LA UNION - JIRON MELCHOR CUMPA MZA H LOTE 34|brotperueirl@gmail.com|4078468|ACTIVO|14/04/2023|||||||||||||||||||||||||||||
134|20602454356|CONSORCIO NUTRIFAR|PRODUCTOS|LIMA|LIMA|SAN MARTIN DE PORRES|150135|ASOCIACI”N LOS LIBERTADORES (CRUCE DE TOMAS VALLE Y ANGELICA GAMARRA) - CALLE TOMAS COCHRANE N∞ 533|central@nutrifar.org|971118933|ACTIVO|14/04/2023|||||||||||||||||||||||||||||
135|20608758802|CONSORCIO ALEMIR|PRODUCTOS|LIMA|LIMA|SAN MARTIN DE PORRES|150135| URBANIZACI”N LOS LIBERTADORES - JIRON VIZCARDO Y GUZMAN N∞460|ludovicustradingeirl@gmail.com|4001918|ACTIVO|14/04/2023|||||||||||||||||||||||||||||
136|20600414128|CONSORCIO R&L|PRODUCTOS|LIMA|LIMA|SANTA ANITA|150137|CAL. SALVADOR DALI MZA H1 LOTE 10 URB. EL ASESOR I (ENTRE AV. HUAROCHIRI Y AV. HUANCARAY)|SDHLOGISTICO@GMAIL.COM|3546607|ACTIVO|14/04/2023|||||||||||||||||||||||||||||
137|20524209382|CONSORCIO MOVA|PRODUCTOS|LIMA|LIMA|SANTIAGO DE SURCO|150140|CAL. PARAMONGA 691 URB. LAS PONCIANAS, DPTO. 408|grupomova2022@gmail.com|953672860|ACTIVO|14/04/2023|||||||||||||||||||||||||||||
138|10417873860|CONSORCIO COMERCIAL ALIMENTOS CRISTINA|PRODUCTOS|LIMA|CA—ETE|IMPERIAL|150507|CENTRO POBLADO AA.HH. JOSEFINA RAMOS MZA C-1 LOTE 26|crisrinamarlenediaz11@gmail.com|918358785|ACTIVO|14/04/2023|||||||||||||||||||||||||||||
139|20600058577|SERVICIOS E INVERSIONES LIVA E.I.R.L.|PRODUCTOS|LORETO|MAYNAS|IQUITOS|160101|PASAJE ANGEL BRUSCO 135|consorciosmp.pnae@gmail.com|065252162|RESUELTO|14/04/2023|||||||||||||||||||||||||||||
140|20609132265|CONSORCIO ALFANA|PRODUCTOS|LORETO|MAYNAS|IQUITOS|160101|CARRETERA IQUITOS NAUTA SECTOR KIARA KM 2.5|alfanaeirl@gmail.com|3481968|ACTIVO|14/04/2023|||||||||||||||||||||||||||||
141|20527446369|CONSORCIO MAYNAS|PRODUCTOS|LORETO|MAYNAS|PUNCHANA|160108|CALLE CAHUIDE N∞ 589|industriakcorilazo@gmail.com|950301753|ACTIVO|14/04/2023|||||||||||||||||||||||||||||
142|20602666850|CONSORCIO INCAWALK|PRODUCTOS|LORETO|MAYNAS|PUNCHANA|160108| CALLE CAHUIDE N∫ 589 PJ. MANUEL CLAVERO|kkcorilazo@hotmail.com|084217996|ACTIVO|14/04/2023|||||||||||||||||||||||||||||
143|20601812992|GROUP INVERSIONES JUDOGA EIRL|PRODUCTOS|LORETO|ALTO AMAZONAS|YURIMAGUAS|160201|VIA DE EVITAMIENTO S/N (COSTADO DE LA DISCOTECA PARADISE)|gijudoga@gelozanogarcia.com.pe|965668016|ACTIVO|14/04/2023|||||||||||||||||||||||||||||
144|20600054130|CONSORCIO AMAZONMARK|PRODUCTOS|MADRE DE DIOS|TAMBOPATA|TAMBOPATA|170101|AV. ANDR…S AVELINO C¡CERES N∞ 4041|amazonmark.sac.mdd@gmail.com|962685226|ACTIVO|14/04/2023|||||||||||||||||||||||||||||
145|20525836089|CONSORCIO DMK|PRODUCTOS|PIURA|PIURA|PIURA|200101| MERCADO MODELO PUESTO 12 UNIDAD 1 |fernandoarcegayoso@gmail.com|73701095|ACTIVO|14/04/2023|||||||||||||||||||||||||||||
146|20530234526|CONSORCIO MDO|PRODUCTOS|PIURA|PIURA|PIURA|200101|CENTRO POBLADO EJIDOS DEL NORTE - FUNDO EJIDOS DEL NORTE - CALLE LOS EJIDOS DEL NORTE N∞ 116|eloygarces87@gmail.com|73404394|ACTIVO|14/04/2023|||||||||||||||||||||||||||||
147|20606055456|CONSORCIO ALMACENES Y ALIMENTOS DEL NORTE|PRODUCTOS|PIURA|PIURA|PIURA|200101|URBANIZACI”N PIURA MZA B4 LOTE 5|almacenesyalimentosdelnorte@gmail.com|73392863|ACTIVO|14/04/2023|||||||||||||||||||||||||||||
148|20605237518|CONSORCIO AZUL|PRODUCTOS|PIURA|PIURA|CASTILLA|200104|ASOCIACI”N CIVIL CASA HUERTO NUEVO AMANECER MZ P LOTE 9|cibelesdelnorte@gmail.com|964498436|ACTIVO|14/04/2023|||||||||||||||||||||||||||||
149|20605237518|CONSORCIO NAUNET|PRODUCTOS|PIURA|PIURA|CASTILLA|200104|"CALLE ""HUAYNA CAPAC"" N∞ 315 - A.H. TALARITA"|cibelesdelnorte@gmail.com|964498436|ACTIVO|14/04/2023|||||||||||||||||||||||||||||
150|20607354783|CONSORCIO MEGA|PRODUCTOS|PIURA|PIURA|CASTILLA|200104|ASOCIACI”N CIVIL CASA HUERTO NUEVO AMANECER - CALLE LOS ROBLES MZA T LOTE 03|procesadoralr.peru@gmail.com|974417287|ACTIVO|14/04/2023|||||||||||||||||||||||||||||
151|20526549989|DISTRIBUCIONES MARIA KAROLINA SOCIEDAD COMERCIAL DE RESPONSABILIDAD LIMITADA|PRODUCTOS|PIURA|PIURA|CASTILLA|200104|ASOCIACI”N CIVIL CASA HUERTO NUEVO AMANECER - CALLE LOS PINOS, MZS. S, LOTE 8  |dismarkar@gmail.com|073305122|ACTIVO|14/04/2023|||||||||||||||||||||||||||||
152|20602286666|CONSORCIO AGROHILMART|PRODUCTOS|PIURA|PIURA|LA ARENA|200109|CARRETERA PAMPA CHICA 2B - CASERIO VICHAYAL|agrohilmart@gmail.com|73308259|ACTIVO|14/04/2023|||||||||||||||||||||||||||||
153|10028726843|CONSORCIO HILMART|PRODUCTOS|PIURA|PIURA|LA ARENA|200109|CARRETERA PAMPA CHICA N∞ 2 - CASERIO VICHAYAL|neimesipp@gmail.com|990926278|ACTIVO|14/04/2023|||||||||||||||||||||||||||||
154|20601724651|CONSORCIO IHM|PRODUCTOS|PIURA|PIURA|VEINTISEIS DE OCTUBRE|200115|CENTRO POBLADO A.H VILLA HERMOSA FND. EX PREDIO COSCOMBA MZ. O LT. S/N|alimentoselchilalo@gmail.com|915205721|ACTIVO|14/04/2023|||||||||||||||||||||||||||||
155|20530317901|REPRESENTACIONES VIRGEN DE LAS NIEVES S.A.C.|PRODUCTOS|PIURA|PIURA|VEINTISEIS DE OCTUBRE|200115|LOTE 10 UBIC. RUR. ASOCIACION SANTA LUCIA - SECTOR COSCOMBA|gerencia1.vdn@gmail.com|073395006|ACTIVO|14/04/2023|||||||||||||||||||||||||||||
156|10478357228|CONSORCIO OPERADORES LOGISTICOS|PRODUCTOS|PUNO|PUNO|PUNO|210101|AV. EL SOL N∞ 1169 - CENTRO POBLADO LAYKAKOTA |elmer.negociosdelsur@gmail.com|051602613|ACTIVO|14/04/2023|||||||||||||||||||||||||||||
157|20448165044|CONSORCIO FAHE SOCIEDAD ANONIMA CERRADA|PRODUCTOS|PUNO|PUNO|PUNO|210101|CENTRO POBLADO PUNO - JIRON HUANCANE N∞ 858|jicc.peru@hotmail.com|953704136|ACTIVO|14/04/2023|||||||||||||||||||||||||||||
158|20448860818|CONSORCIO GRUPO MARKETING ALIMENTARIA SAC|PRODUCTOS|PUNO|PUNO|PUNO|210101|URBANIZACION RINCONADA SALCEDO MZA P LOTE 16|gmarketingasac@gmail.com|988226601|ACTIVO|14/04/2023|||||||||||||||||||||||||||||
159|10455257951|CONSORCIO ILLARY ANDINA|PRODUCTOS|PUNO|SAN ROMAN|JULIACA|211101|CENTRO POBLADO CESAR VALLEJO - URBANIZACION ANEXO CESAR VALLEJO - JIRON POEMAS HUMANOS MZ. I LOTE 3.|kzapanavilca@gmail.com|943258289|ACTIVO|14/04/2023|||||||||||||||||||||||||||||
160|20406499562|CONSORCIO CORPORACION COILA|PRODUCTOS|PUNO|SAN ROMAN|JULIACA|211101|URBANIZACION SANTA MARIA - JIRON HUASCAR N∞ 1060|aliprocsac@hotmail.com|051336599|ACTIVO|14/04/2023|||||||||||||||||||||||||||||
161|20406544291|CONSORCIO NUTRITEC|PRODUCTOS|PUNO|SAN ROMAN|JULIACA|211101| URB. MUNICIPAL, TAPARACHI MZ-B, LOTE-17B|nutritec.eirl@gmail.com|951517792|ACTIVO|14/04/2023|||||||||||||||||||||||||||||
162|20447969531|CORPORACION GRANIX  E.I.R.L.|PRODUCTOS|PUNO|SAN ROMAN|JULIACA|211101|CENTRO POBLADO APIRAJ - URBANIZACI”N APIRAJ - AVENIDA POLIGONO INDUSTRIAL MZA B LOTE 01 |CORPORACIONGRANIX@GMAIL.COM|952222794|ACTIVO|14/04/2023|||||||||||||||||||||||||||||
163|10447574271|CONSORCIO GRUPO EDEN FOODS|PRODUCTOS|PUNO|SAN ROMAN|JULIACA|211101|CENTRO POBLADO JORGE CH¡VEZ ñ URBANIZACI”N S/N ñ PASAJE WIRACOCHA N∞ 153 |grupoedenfood@gmail.com|985223320|ACTIVO|14/04/2023|||||||||||||||||||||||||||||
164|20601617022|CORPORACION BEGANX S.A.C.|PRODUCTOS|PUNO|SAN ROMAN|JULIACA|211101|URBANIZACION SANTA ANA - JIRON NESTOR S. MOLINA MZA K LOTE 12|beganxsac@gmail.com|951347425|ACTIVO|14/04/2023|||||||||||||||||||||||||||||
165|20602654843|CONSORCIO GRUPO EXON|PRODUCTOS|PUNO|SAN ROMAN|JULIACA|211101|JIRON BENIGNO BALLON N∞ 1070|exonperu2023@gmail.com|0|ACTIVO|14/04/2023|||||||||||||||||||||||||||||
166|20603500530|CONSORCIO CORPORACI”N DE ALIMENTOS NUTRITIVOS|PRODUCTOS|PUNO|SAN ROMAN|JULIACA|211101|CENTRO POBLADO JULIACA - URBANIZACI”N MARÕA LUISA ñ AVENIDA CIRCUNVALACI”N N∞ 1189|corpalinsasrl@gmail.com|966907011|ACTIVO|14/04/2023|||||||||||||||||||||||||||||
167|10024131501|MAMANI ADCCO JUANA|PRODUCTOS|PUNO|SAN ROMAN|SAN MIGUEL|211105|URBANIZACI”N SANTA ASUNCI”N - JIR”N MARINERO MZA I-5 LOTE 10 |consorciojmaperu@gmail.com|951660474|ACTIVO|14/04/2023|||||||||||||||||||||||||||||
168|20609847205|CONSORCIO SOAND|PRODUCTOS|SAN MARTIN|PICOTA|PUCACACA|220705|JIRON CUZCO MZA 19 LOTE 3A|soand2022sac@gmail.com|980035023|ACTIVO|14/04/2023|||||||||||||||||||||||||||||
169|20488948017|CONSORCIO AGROLACTHA|PRODUCTOS|SAN MARTIN|RIOJA|RIOJA|220801| AVENIDA TUPAC AMARU N∞ 895|agrolactha@yahoo.es|976146916|ACTIVO|14/04/2023|||||||||||||||||||||||||||||
170|20602569609|CONSORCIO SANTO CRISTO DE BAGAZAN|PRODUCTOS|SAN MARTIN|RIOJA|RIOJA|220801|URBANIZACI”N LAS PALMERAS - JIRON LOS OLIVOS N∞ S/N|company.selva@gmail.com|920499443|ACTIVO|14/04/2023|||||||||||||||||||||||||||||
171|20450497364|CONSORCIO EL BUEN SAMARITANO|PRODUCTOS|SAN MARTIN|SAN MARTIN|TARAPOTO|220901|JIR”N LEONCIO PRADO N∞ 999|perunicdelorientes.a.c19@gmail.com|942674472|ACTIVO|14/04/2023|||||||||||||||||||||||||||||
172|20450497364|PERUNIC DEL ORIENTE S.A.C.|PRODUCTOS|SAN MARTIN|SAN MARTIN|TARAPOTO|220901|JIRON LEONCIO PRADO N∞ 999|perunicdelorientes.a.c19@gmail.com|942674472|ACTIVO|14/04/2023|||||||||||||||||||||||||||||
173|10409125692|CONSORCIO ANNY|PRODUCTOS|SAN MARTIN|SAN MARTIN|TARAPOTO|220901|CENTRO POBLADO TARAPOTO - ZONA INDUSTRIAL BARRIO EL COMERCIO - JIRON COMANDANTE CHIRINOS N∞ 463|anny.inversiones2023@gmail.com|042507191|ACTIVO|14/04/2023|||||||||||||||||||||||||||||
174|20604769745|CONSORCIO CUPIDO|PRODUCTOS|SAN MARTIN|SAN MARTIN|TARAPOTO|220901|JIRON AMERICA N∞ 258|sigmaqw2023@gmail.com|0|ACTIVO|14/04/2023|||||||||||||||||||||||||||||
175|20494056934|CONSORCIO KUSKA|PRODUCTOS|SAN MARTIN|TOCACHE|TOCACHE|221001| CAR. SECTOR ALMENDRAS S/N SEC. ALMENDRAS|gmiskysonko@gmail.com|963549020|ACTIVO|14/04/2023|||||||||||||||||||||||||||||
176|20533027424|INDUSTRIAS D'VIDA EMPRESA INDIVIDUAL DE RESPONSABILIDAD LIMITADA - INDUSTRIAS D'VIDA E.I.R.L.|PRODUCTOS|TACNA|TACNA|CORONEL GREGORIO ALBARRACIN LANCHIPA|230110|URBANIZACI”N 3 DE DICIEMBRE - CALLE 1RO DE MAYO N∞ 120 MZA I LOTE 8|industriasdevida@hotmail.com|052312167|ACTIVO|14/04/2023|||||||||||||||||||||||||||||
177|20600909801|CONSORCIO INAMBU I|PRODUCTOS|UCAYALI|CORONEL PORTILLO|CALLERIA|250101|CENTRO POBLADO PUCALLPA - JIRON OLEODUCTO N∞ S/N MZA 23 A LOTE 16 KM 2|jeseniarodi@hotmail.com|061786907|RESUELTO|14/04/2023|||||||||||||||||||||||||||||
178|20602819524|CONSORCIO AMAZONAS|PRODUCTOS|UCAYALI|CORONEL PORTILLO|CALLERIA|250101|JR GUILLERMO SISLEY N∞ 848 MZ. 317 LT. 15-16|industriasciasasac@gmail.com|974613941|RESUELTO|14/04/2023|||||||||||||||||||||||||||||
179|20394062686|CONSORCIO NUTRIFOODS|PRODUCTOS|UCAYALI|CORONEL PORTILLO|CALLERIA|250101|JR. BOLIVAR N∞ 252|comercializadoranutrifoods@gmail.com|957851785|ACTIVO|14/04/2023|||||||||||||||||||||||||||||
180|10468396225|CONSORCIO NUEVA VIDA I|PRODUCTOS|UCAYALI|CORONEL PORTILLO|CALLERIA|250101|JIRON OLEODUCTO N∞ S/N MZA 23 A LOTE 16 KM 2|anubitorres21@hotmail.com|061786907|ACTIVO|14/04/2023|||||||||||||||||||||||||||||
181|10101050241|CONSORCIO NUEVO AMANECER|PRODUCTOS|UCAYALI|CORONEL PORTILLO|YARINACOCHA|250105|AV. YARINACOCHA MZA 167-A LOTE 6|mgsonia1@yahoo.com|961095039|ACTIVO|14/04/2023|||||||||||||||||||||||||||||
182|10001305081|CONSORCIO SAN MARTIN DE PORRES I|PRODUCTOS|UCAYALI|CORONEL PORTILLO|MANANTAY|250107|JR. LOS LAURELES MZ. 17 LOTE 13 A.H. PROYECTO INTEGRAL LA PAZ ROCA FUERTE|gardel.murrieta@gmail.com|976478794|ACTIVO|14/04/2023|||||||||||||||||||||||||||||
