AÑO;MES;CONCESION;ENTIDAD PRESTADORA;FERROCARRIL;TIPO DE MATERIAL RODANTE; KM RECORRIDOS 
2019;1;FERROCARRIL DEL CENTRO;FERROVÍAS CENTRAL ANDINA S.A.  ;FERROCARRIL DEL CENTRO;AUTOVAGONES;0
2019;1;FERROCARRIL DEL CENTRO;FERROVÍAS CENTRAL ANDINA S.A.  ;FERROCARRIL DEL CENTRO;COCHES;0
2019;1;FERROCARRIL DEL CENTRO;FERROVÍAS CENTRAL ANDINA S.A.  ;FERROCARRIL DEL CENTRO;LOCOMOTORAS;59,801.90
2019;1;FERROCARRIL DEL CENTRO;FERROVÍAS CENTRAL ANDINA S.A.  ;FERROCARRIL DEL CENTRO;VAGONES;943,433.68
2019;2;FERROCARRIL DEL CENTRO;FERROVÍAS CENTRAL ANDINA S.A.  ;FERROCARRIL DEL CENTRO;AUTOVAGONES;0
2019;2;FERROCARRIL DEL CENTRO;FERROVÍAS CENTRAL ANDINA S.A.  ;FERROCARRIL DEL CENTRO;COCHES;139.1
2019;2;FERROCARRIL DEL CENTRO;FERROVÍAS CENTRAL ANDINA S.A.  ;FERROCARRIL DEL CENTRO;LOCOMOTORAS;49,279.27
2019;2;FERROCARRIL DEL CENTRO;FERROVÍAS CENTRAL ANDINA S.A.  ;FERROCARRIL DEL CENTRO;VAGONES;720,961.13
2019;3;FERROCARRIL DEL CENTRO;FERROVÍAS CENTRAL ANDINA S.A.  ;FERROCARRIL DEL CENTRO;AUTOVAGONES;0
2019;3;FERROCARRIL DEL CENTRO;FERROVÍAS CENTRAL ANDINA S.A.  ;FERROCARRIL DEL CENTRO;COCHES;41.3
2019;3;FERROCARRIL DEL CENTRO;FERROVÍAS CENTRAL ANDINA S.A.  ;FERROCARRIL DEL CENTRO;LOCOMOTORAS;56,272.59
2019;3;FERROCARRIL DEL CENTRO;FERROVÍAS CENTRAL ANDINA S.A.  ;FERROCARRIL DEL CENTRO;VAGONES;742,499.55
2019;4;FERROCARRIL DEL CENTRO;FERROVÍAS CENTRAL ANDINA S.A.  ;FERROCARRIL DEL CENTRO;AUTOVAGONES;0
2019;4;FERROCARRIL DEL CENTRO;FERROVÍAS CENTRAL ANDINA S.A.  ;FERROCARRIL DEL CENTRO;COCHES;3,999.60
2019;4;FERROCARRIL DEL CENTRO;FERROVÍAS CENTRAL ANDINA S.A.  ;FERROCARRIL DEL CENTRO;LOCOMOTORAS;64,643.06
2019;4;FERROCARRIL DEL CENTRO;FERROVÍAS CENTRAL ANDINA S.A.  ;FERROCARRIL DEL CENTRO;VAGONES;957,714.34
2019;5;FERROCARRIL DEL CENTRO;FERROVÍAS CENTRAL ANDINA S.A.  ;FERROCARRIL DEL CENTRO;AUTOVAGONES;0
2019;5;FERROCARRIL DEL CENTRO;FERROVÍAS CENTRAL ANDINA S.A.  ;FERROCARRIL DEL CENTRO;COCHES;1,999.80
2019;5;FERROCARRIL DEL CENTRO;FERROVÍAS CENTRAL ANDINA S.A.  ;FERROCARRIL DEL CENTRO;LOCOMOTORAS;62,972.20
2019;5;FERROCARRIL DEL CENTRO;FERROVÍAS CENTRAL ANDINA S.A.  ;FERROCARRIL DEL CENTRO;VAGONES;907,438.04
2019;6;FERROCARRIL DEL CENTRO;FERROVÍAS CENTRAL ANDINA S.A.  ;FERROCARRIL DEL CENTRO;AUTOVAGONES;0
2019;6;FERROCARRIL DEL CENTRO;FERROVÍAS CENTRAL ANDINA S.A.  ;FERROCARRIL DEL CENTRO;COCHES;3,320.96
2019;6;FERROCARRIL DEL CENTRO;FERROVÍAS CENTRAL ANDINA S.A.  ;FERROCARRIL DEL CENTRO;LOCOMOTORAS;63,284.96
2019;6;FERROCARRIL DEL CENTRO;FERROVÍAS CENTRAL ANDINA S.A.  ;FERROCARRIL DEL CENTRO;VAGONES;948,779.68
2019;7;FERROCARRIL DEL CENTRO;FERROVÍAS CENTRAL ANDINA S.A.  ;FERROCARRIL DEL CENTRO;AUTOVAGONES;0
2019;7;FERROCARRIL DEL CENTRO;FERROVÍAS CENTRAL ANDINA S.A.  ;FERROCARRIL DEL CENTRO;COCHES;6,748.70
2019;7;FERROCARRIL DEL CENTRO;FERROVÍAS CENTRAL ANDINA S.A.  ;FERROCARRIL DEL CENTRO;LOCOMOTORAS;62,969.22
2019;7;FERROCARRIL DEL CENTRO;FERROVÍAS CENTRAL ANDINA S.A.  ;FERROCARRIL DEL CENTRO;VAGONES;893,958.96
2019;8;FERROCARRIL DEL CENTRO;FERROVÍAS CENTRAL ANDINA S.A.  ;FERROCARRIL DEL CENTRO;AUTOVAGONES;0
2019;8;FERROCARRIL DEL CENTRO;FERROVÍAS CENTRAL ANDINA S.A.  ;FERROCARRIL DEL CENTRO;COCHES;3,185.80
2019;8;FERROCARRIL DEL CENTRO;FERROVÍAS CENTRAL ANDINA S.A.  ;FERROCARRIL DEL CENTRO;LOCOMOTORAS;62,443.48
2019;8;FERROCARRIL DEL CENTRO;FERROVÍAS CENTRAL ANDINA S.A.  ;FERROCARRIL DEL CENTRO;VAGONES;901,979.09
2019;9;FERROCARRIL DEL CENTRO;FERROVÍAS CENTRAL ANDINA S.A.  ;FERROCARRIL DEL CENTRO;AUTOVAGONES;0
2019;9;FERROCARRIL DEL CENTRO;FERROVÍAS CENTRAL ANDINA S.A.  ;FERROCARRIL DEL CENTRO;COCHES;4,010.22
2019;9;FERROCARRIL DEL CENTRO;FERROVÍAS CENTRAL ANDINA S.A.  ;FERROCARRIL DEL CENTRO;LOCOMOTORAS;60,807.78
2019;9;FERROCARRIL DEL CENTRO;FERROVÍAS CENTRAL ANDINA S.A.  ;FERROCARRIL DEL CENTRO;VAGONES;869,299.39
2019;10;FERROCARRIL DEL CENTRO;FERROVÍAS CENTRAL ANDINA S.A.  ;FERROCARRIL DEL CENTRO;AUTOVAGONES;0
2019;10;FERROCARRIL DEL CENTRO;FERROVÍAS CENTRAL ANDINA S.A.  ;FERROCARRIL DEL CENTRO;COCHES;4,845.70
2019;10;FERROCARRIL DEL CENTRO;FERROVÍAS CENTRAL ANDINA S.A.  ;FERROCARRIL DEL CENTRO;LOCOMOTORAS;62,724.46
2019;10;FERROCARRIL DEL CENTRO;FERROVÍAS CENTRAL ANDINA S.A.  ;FERROCARRIL DEL CENTRO;VAGONES;959,238.00
2019;11;FERROCARRIL DEL CENTRO;FERROVÍAS CENTRAL ANDINA S.A.  ;FERROCARRIL DEL CENTRO;AUTOVAGONES;0
2019;11;FERROCARRIL DEL CENTRO;FERROVÍAS CENTRAL ANDINA S.A.  ;FERROCARRIL DEL CENTRO;COCHES;3,666.30
2019;11;FERROCARRIL DEL CENTRO;FERROVÍAS CENTRAL ANDINA S.A.  ;FERROCARRIL DEL CENTRO;LOCOMOTORAS;64,261.78
2019;11;FERROCARRIL DEL CENTRO;FERROVÍAS CENTRAL ANDINA S.A.  ;FERROCARRIL DEL CENTRO;VAGONES;961,225.90
2019;12;FERROCARRIL DEL CENTRO;FERROVÍAS CENTRAL ANDINA S.A.  ;FERROCARRIL DEL CENTRO;AUTOVAGONES;0
2019;12;FERROCARRIL DEL CENTRO;FERROVÍAS CENTRAL ANDINA S.A.  ;FERROCARRIL DEL CENTRO;COCHES;2,415.20
2019;12;FERROCARRIL DEL CENTRO;FERROVÍAS CENTRAL ANDINA S.A.  ;FERROCARRIL DEL CENTRO;LOCOMOTORAS;66,286.78
2019;12;FERROCARRIL DEL CENTRO;FERROVÍAS CENTRAL ANDINA S.A.  ;FERROCARRIL DEL CENTRO;VAGONES;1,016,017.80
2020;1;FERROCARRIL DEL CENTRO;FERROVÍAS CENTRAL ANDINA S.A.  ;FERROCARRIL DEL CENTRO;AUTOVAGONES; -   
2020;1;FERROCARRIL DEL CENTRO;FERROVÍAS CENTRAL ANDINA S.A.  ;FERROCARRIL DEL CENTRO;COCHES; 1,152 
2020;1;FERROCARRIL DEL CENTRO;FERROVÍAS CENTRAL ANDINA S.A.  ;FERROCARRIL DEL CENTRO;LOCOMOTORAS; 62,707 
2020;1;FERROCARRIL DEL CENTRO;FERROVÍAS CENTRAL ANDINA S.A.  ;FERROCARRIL DEL CENTRO;VAGONES; 925,147 
2020;2;FERROCARRIL DEL CENTRO;FERROVÍAS CENTRAL ANDINA S.A.  ;FERROCARRIL DEL CENTRO;AUTOVAGONES; -   
2020;2;FERROCARRIL DEL CENTRO;FERROVÍAS CENTRAL ANDINA S.A.  ;FERROCARRIL DEL CENTRO;COCHES; 180 
2020;2;FERROCARRIL DEL CENTRO;FERROVÍAS CENTRAL ANDINA S.A.  ;FERROCARRIL DEL CENTRO;LOCOMOTORAS; 55,427 
2020;2;FERROCARRIL DEL CENTRO;FERROVÍAS CENTRAL ANDINA S.A.  ;FERROCARRIL DEL CENTRO;VAGONES; 850,896 
2020;3;FERROCARRIL DEL CENTRO;FERROVÍAS CENTRAL ANDINA S.A.  ;FERROCARRIL DEL CENTRO;AUTOVAGONES; -   
2020;3;FERROCARRIL DEL CENTRO;FERROVÍAS CENTRAL ANDINA S.A.  ;FERROCARRIL DEL CENTRO;COCHES; -   
2020;3;FERROCARRIL DEL CENTRO;FERROVÍAS CENTRAL ANDINA S.A.  ;FERROCARRIL DEL CENTRO;LOCOMOTORAS; 53,285 
2020;3;FERROCARRIL DEL CENTRO;FERROVÍAS CENTRAL ANDINA S.A.  ;FERROCARRIL DEL CENTRO;VAGONES; 733,200 
2020;4;FERROCARRIL DEL CENTRO;FERROVÍAS CENTRAL ANDINA S.A.  ;FERROCARRIL DEL CENTRO;AUTOVAGONES; -   
2020;4;FERROCARRIL DEL CENTRO;FERROVÍAS CENTRAL ANDINA S.A.  ;FERROCARRIL DEL CENTRO;COCHES; -   
2020;4;FERROCARRIL DEL CENTRO;FERROVÍAS CENTRAL ANDINA S.A.  ;FERROCARRIL DEL CENTRO;LOCOMOTORAS; 50,486 
2020;4;FERROCARRIL DEL CENTRO;FERROVÍAS CENTRAL ANDINA S.A.  ;FERROCARRIL DEL CENTRO;VAGONES; 744,662 
2020;5;FERROCARRIL DEL CENTRO;FERROVÍAS CENTRAL ANDINA S.A.  ;FERROCARRIL DEL CENTRO;AUTOVAGONES; -   
2020;5;FERROCARRIL DEL CENTRO;FERROVÍAS CENTRAL ANDINA S.A.  ;FERROCARRIL DEL CENTRO;COCHES; -   
2020;5;FERROCARRIL DEL CENTRO;FERROVÍAS CENTRAL ANDINA S.A.  ;FERROCARRIL DEL CENTRO;LOCOMOTORAS; 40,826 
2020;5;FERROCARRIL DEL CENTRO;FERROVÍAS CENTRAL ANDINA S.A.  ;FERROCARRIL DEL CENTRO;VAGONES; 590,278 
2020;6;FERROCARRIL DEL CENTRO;FERROVÍAS CENTRAL ANDINA S.A.  ;FERROCARRIL DEL CENTRO;AUTOVAGONES; -   
2020;6;FERROCARRIL DEL CENTRO;FERROVÍAS CENTRAL ANDINA S.A.  ;FERROCARRIL DEL CENTRO;COCHES; -   
2020;6;FERROCARRIL DEL CENTRO;FERROVÍAS CENTRAL ANDINA S.A.  ;FERROCARRIL DEL CENTRO;LOCOMOTORAS; 54,944 
2020;6;FERROCARRIL DEL CENTRO;FERROVÍAS CENTRAL ANDINA S.A.  ;FERROCARRIL DEL CENTRO;VAGONES; 791,198 
2020;7;FERROCARRIL DEL CENTRO;FERROVÍAS CENTRAL ANDINA S.A.  ;FERROCARRIL DEL CENTRO;AUTOVAGONES; -   
2020;7;FERROCARRIL DEL CENTRO;FERROVÍAS CENTRAL ANDINA S.A.  ;FERROCARRIL DEL CENTRO;COCHES; -   
2020;7;FERROCARRIL DEL CENTRO;FERROVÍAS CENTRAL ANDINA S.A.  ;FERROCARRIL DEL CENTRO;LOCOMOTORAS; 64,457 
2020;7;FERROCARRIL DEL CENTRO;FERROVÍAS CENTRAL ANDINA S.A.  ;FERROCARRIL DEL CENTRO;VAGONES; 999,821 
2020;8;FERROCARRIL DEL CENTRO;FERROVÍAS CENTRAL ANDINA S.A.  ;FERROCARRIL DEL CENTRO;AUTOVAGONES; -   
2020;8;FERROCARRIL DEL CENTRO;FERROVÍAS CENTRAL ANDINA S.A.  ;FERROCARRIL DEL CENTRO;COCHES; -   
2020;8;FERROCARRIL DEL CENTRO;FERROVÍAS CENTRAL ANDINA S.A.  ;FERROCARRIL DEL CENTRO;LOCOMOTORAS; 61,965 
2020;8;FERROCARRIL DEL CENTRO;FERROVÍAS CENTRAL ANDINA S.A.  ;FERROCARRIL DEL CENTRO;VAGONES; 961,796 
2020;9;FERROCARRIL DEL CENTRO;FERROVÍAS CENTRAL ANDINA S.A.  ;FERROCARRIL DEL CENTRO;AUTOVAGONES; -   
2020;9;FERROCARRIL DEL CENTRO;FERROVÍAS CENTRAL ANDINA S.A.  ;FERROCARRIL DEL CENTRO;COCHES; -   
2020;9;FERROCARRIL DEL CENTRO;FERROVÍAS CENTRAL ANDINA S.A.  ;FERROCARRIL DEL CENTRO;LOCOMOTORAS; 58,237 
2020;9;FERROCARRIL DEL CENTRO;FERROVÍAS CENTRAL ANDINA S.A.  ;FERROCARRIL DEL CENTRO;VAGONES; 888,523 
2020;10;FERROCARRIL DEL CENTRO;FERROVÍAS CENTRAL ANDINA S.A.  ;FERROCARRIL DEL CENTRO;AUTOVAGONES; -   
2020;10;FERROCARRIL DEL CENTRO;FERROVÍAS CENTRAL ANDINA S.A.  ;FERROCARRIL DEL CENTRO;COCHES; -   
2020;10;FERROCARRIL DEL CENTRO;FERROVÍAS CENTRAL ANDINA S.A.  ;FERROCARRIL DEL CENTRO;LOCOMOTORAS; 65,691 
2020;10;FERROCARRIL DEL CENTRO;FERROVÍAS CENTRAL ANDINA S.A.  ;FERROCARRIL DEL CENTRO;VAGONES; 1,080,836 
2020;11;FERROCARRIL DEL CENTRO;FERROVÍAS CENTRAL ANDINA S.A.  ;FERROCARRIL DEL CENTRO;AUTOVAGONES; -   
2020;11;FERROCARRIL DEL CENTRO;FERROVÍAS CENTRAL ANDINA S.A.  ;FERROCARRIL DEL CENTRO;COCHES; -   
2020;11;FERROCARRIL DEL CENTRO;FERROVÍAS CENTRAL ANDINA S.A.  ;FERROCARRIL DEL CENTRO;LOCOMOTORAS; 71,377 
2020;11;FERROCARRIL DEL CENTRO;FERROVÍAS CENTRAL ANDINA S.A.  ;FERROCARRIL DEL CENTRO;VAGONES; 1,130,990 
2020;12;FERROCARRIL DEL CENTRO;FERROVÍAS CENTRAL ANDINA S.A.  ;FERROCARRIL DEL CENTRO;AUTOVAGONES; -   
2020;12;FERROCARRIL DEL CENTRO;FERROVÍAS CENTRAL ANDINA S.A.  ;FERROCARRIL DEL CENTRO;COCHES; -   
2020;12;FERROCARRIL DEL CENTRO;FERROVÍAS CENTRAL ANDINA S.A.  ;FERROCARRIL DEL CENTRO;LOCOMOTORAS; 72,994 
2020;12;FERROCARRIL DEL CENTRO;FERROVÍAS CENTRAL ANDINA S.A.  ;FERROCARRIL DEL CENTRO;VAGONES; 1,148,714 
2021;1;FERROCARRIL DEL CENTRO;FERROVÍAS CENTRAL ANDINA S.A.  ;FERROCARRIL DEL CENTRO;AUTOVAGONES; -   
2021;1;FERROCARRIL DEL CENTRO;FERROVÍAS CENTRAL ANDINA S.A.  ;FERROCARRIL DEL CENTRO;COCHES; -   
2021;1;FERROCARRIL DEL CENTRO;FERROVÍAS CENTRAL ANDINA S.A.  ;FERROCARRIL DEL CENTRO;LOCOMOTORAS; 67,429 
2021;1;FERROCARRIL DEL CENTRO;FERROVÍAS CENTRAL ANDINA S.A.  ;FERROCARRIL DEL CENTRO;VAGONES; 1,040,878 
2021;2;FERROCARRIL DEL CENTRO;FERROVÍAS CENTRAL ANDINA S.A.  ;FERROCARRIL DEL CENTRO;AUTOVAGONES; -   
2021;2;FERROCARRIL DEL CENTRO;FERROVÍAS CENTRAL ANDINA S.A.  ;FERROCARRIL DEL CENTRO;COCHES; -   
2021;2;FERROCARRIL DEL CENTRO;FERROVÍAS CENTRAL ANDINA S.A.  ;FERROCARRIL DEL CENTRO;LOCOMOTORAS; 60,373 
2021;2;FERROCARRIL DEL CENTRO;FERROVÍAS CENTRAL ANDINA S.A.  ;FERROCARRIL DEL CENTRO;VAGONES; 922,489 
2021;3;FERROCARRIL DEL CENTRO;FERROVÍAS CENTRAL ANDINA S.A.  ;FERROCARRIL DEL CENTRO;AUTOVAGONES; -   
2021;3;FERROCARRIL DEL CENTRO;FERROVÍAS CENTRAL ANDINA S.A.  ;FERROCARRIL DEL CENTRO;COCHES; -   
2021;3;FERROCARRIL DEL CENTRO;FERROVÍAS CENTRAL ANDINA S.A.  ;FERROCARRIL DEL CENTRO;LOCOMOTORAS; 69,445 
2021;3;FERROCARRIL DEL CENTRO;FERROVÍAS CENTRAL ANDINA S.A.  ;FERROCARRIL DEL CENTRO;VAGONES; 1,080,939 
2021;4;FERROCARRIL DEL CENTRO;FERROVÍAS CENTRAL ANDINA S.A.  ;FERROCARRIL DEL CENTRO;AUTOVAGONES; -   
2021;4;FERROCARRIL DEL CENTRO;FERROVÍAS CENTRAL ANDINA S.A.  ;FERROCARRIL DEL CENTRO;COCHES; -   
2021;4;FERROCARRIL DEL CENTRO;FERROVÍAS CENTRAL ANDINA S.A.  ;FERROCARRIL DEL CENTRO;LOCOMOTORAS; 56,547 
2021;4;FERROCARRIL DEL CENTRO;FERROVÍAS CENTRAL ANDINA S.A.  ;FERROCARRIL DEL CENTRO;VAGONES; 839,280 
2021;5;FERROCARRIL DEL CENTRO;FERROVÍAS CENTRAL ANDINA S.A.  ;FERROCARRIL DEL CENTRO;AUTOVAGONES; -   
2021;5;FERROCARRIL DEL CENTRO;FERROVÍAS CENTRAL ANDINA S.A.  ;FERROCARRIL DEL CENTRO;COCHES; -   
2021;5;FERROCARRIL DEL CENTRO;FERROVÍAS CENTRAL ANDINA S.A.  ;FERROCARRIL DEL CENTRO;LOCOMOTORAS; 71,969 
2021;5;FERROCARRIL DEL CENTRO;FERROVÍAS CENTRAL ANDINA S.A.  ;FERROCARRIL DEL CENTRO;VAGONES; 1,135,864 
2021;6;FERROCARRIL DEL CENTRO;FERROVÍAS CENTRAL ANDINA S.A.  ;FERROCARRIL DEL CENTRO;AUTOVAGONES; -   
2021;6;FERROCARRIL DEL CENTRO;FERROVÍAS CENTRAL ANDINA S.A.  ;FERROCARRIL DEL CENTRO;COCHES; -   
2021;6;FERROCARRIL DEL CENTRO;FERROVÍAS CENTRAL ANDINA S.A.  ;FERROCARRIL DEL CENTRO;LOCOMOTORAS; 71,059 
2021;6;FERROCARRIL DEL CENTRO;FERROVÍAS CENTRAL ANDINA S.A.  ;FERROCARRIL DEL CENTRO;VAGONES; 1,105,762 
2021;7;FERROCARRIL DEL CENTRO;FERROVÍAS CENTRAL ANDINA S.A.  ;FERROCARRIL DEL CENTRO;AUTOVAGONES; -   
2021;7;FERROCARRIL DEL CENTRO;FERROVÍAS CENTRAL ANDINA S.A.  ;FERROCARRIL DEL CENTRO;COCHES; -   
2021;7;FERROCARRIL DEL CENTRO;FERROVÍAS CENTRAL ANDINA S.A.  ;FERROCARRIL DEL CENTRO;LOCOMOTORAS; 74,839 
2021;7;FERROCARRIL DEL CENTRO;FERROVÍAS CENTRAL ANDINA S.A.  ;FERROCARRIL DEL CENTRO;VAGONES; 1,145,999 
2021;8;FERROCARRIL DEL CENTRO;FERROVÍAS CENTRAL ANDINA S.A.  ;FERROCARRIL DEL CENTRO;AUTOVAGONES; -   
2021;8;FERROCARRIL DEL CENTRO;FERROVÍAS CENTRAL ANDINA S.A.  ;FERROCARRIL DEL CENTRO;COCHES; -   
2021;8;FERROCARRIL DEL CENTRO;FERROVÍAS CENTRAL ANDINA S.A.  ;FERROCARRIL DEL CENTRO;LOCOMOTORAS; 75,110 
2021;8;FERROCARRIL DEL CENTRO;FERROVÍAS CENTRAL ANDINA S.A.  ;FERROCARRIL DEL CENTRO;VAGONES; 1,163,327 
2021;9;FERROCARRIL DEL CENTRO;FERROVÍAS CENTRAL ANDINA S.A.  ;FERROCARRIL DEL CENTRO;AUTOVAGONES; -   
2021;9;FERROCARRIL DEL CENTRO;FERROVÍAS CENTRAL ANDINA S.A.  ;FERROCARRIL DEL CENTRO;COCHES; -   
2021;9;FERROCARRIL DEL CENTRO;FERROVÍAS CENTRAL ANDINA S.A.  ;FERROCARRIL DEL CENTRO;LOCOMOTORAS; 73,647 
2021;9;FERROCARRIL DEL CENTRO;FERROVÍAS CENTRAL ANDINA S.A.  ;FERROCARRIL DEL CENTRO;VAGONES; 1,098,567 
2021;10;FERROCARRIL DEL CENTRO;FERROVÍAS CENTRAL ANDINA S.A.  ;FERROCARRIL DEL CENTRO;AUTOVAGONES; -   
2021;10;FERROCARRIL DEL CENTRO;FERROVÍAS CENTRAL ANDINA S.A.  ;FERROCARRIL DEL CENTRO;COCHES; -   
2021;10;FERROCARRIL DEL CENTRO;FERROVÍAS CENTRAL ANDINA S.A.  ;FERROCARRIL DEL CENTRO;LOCOMOTORAS; 78,759 
2021;10;FERROCARRIL DEL CENTRO;FERROVÍAS CENTRAL ANDINA S.A.  ;FERROCARRIL DEL CENTRO;VAGONES; 1,236,010 
2021;11;FERROCARRIL DEL CENTRO;FERROVÍAS CENTRAL ANDINA S.A.  ;FERROCARRIL DEL CENTRO;AUTOVAGONES; -   
2021;11;FERROCARRIL DEL CENTRO;FERROVÍAS CENTRAL ANDINA S.A.  ;FERROCARRIL DEL CENTRO;COCHES; -   
2021;11;FERROCARRIL DEL CENTRO;FERROVÍAS CENTRAL ANDINA S.A.  ;FERROCARRIL DEL CENTRO;LOCOMOTORAS; 75,433 
2021;11;FERROCARRIL DEL CENTRO;FERROVÍAS CENTRAL ANDINA S.A.  ;FERROCARRIL DEL CENTRO;VAGONES; 1,167,063 
2021;12;FERROCARRIL DEL CENTRO;FERROVÍAS CENTRAL ANDINA S.A.  ;FERROCARRIL DEL CENTRO;AUTOVAGONES; -   
2021;12;FERROCARRIL DEL CENTRO;FERROVÍAS CENTRAL ANDINA S.A.  ;FERROCARRIL DEL CENTRO;COCHES; -   
2021;12;FERROCARRIL DEL CENTRO;FERROVÍAS CENTRAL ANDINA S.A.  ;FERROCARRIL DEL CENTRO;LOCOMOTORAS; 80,722 
2021;12;FERROCARRIL DEL CENTRO;FERROVÍAS CENTRAL ANDINA S.A.  ;FERROCARRIL DEL CENTRO;VAGONES; 1,266,340 
2022;1;FERROCARRIL DEL CENTRO;FERROVÍAS CENTRAL ANDINA S.A.  ;FERROCARRIL DEL CENTRO;AUTOVAGONES; -   
2022;1;FERROCARRIL DEL CENTRO;FERROVÍAS CENTRAL ANDINA S.A.  ;FERROCARRIL DEL CENTRO;COCHES; -   
2022;1;FERROCARRIL DEL CENTRO;FERROVÍAS CENTRAL ANDINA S.A.  ;FERROCARRIL DEL CENTRO;LOCOMOTORAS; 70,347 
2022;1;FERROCARRIL DEL CENTRO;FERROVÍAS CENTRAL ANDINA S.A.  ;FERROCARRIL DEL CENTRO;VAGONES; 1,082,177 
2022;2;FERROCARRIL DEL CENTRO;FERROVÍAS CENTRAL ANDINA S.A.  ;FERROCARRIL DEL CENTRO;AUTOVAGONES; -   
2022;2;FERROCARRIL DEL CENTRO;FERROVÍAS CENTRAL ANDINA S.A.  ;FERROCARRIL DEL CENTRO;COCHES; -   
2022;2;FERROCARRIL DEL CENTRO;FERROVÍAS CENTRAL ANDINA S.A.  ;FERROCARRIL DEL CENTRO;LOCOMOTORAS; 59,930 
2022;2;FERROCARRIL DEL CENTRO;FERROVÍAS CENTRAL ANDINA S.A.  ;FERROCARRIL DEL CENTRO;VAGONES; 947,212 
2022;3;FERROCARRIL DEL CENTRO;FERROVÍAS CENTRAL ANDINA S.A.  ;FERROCARRIL DEL CENTRO;AUTOVAGONES; -   
2022;3;FERROCARRIL DEL CENTRO;FERROVÍAS CENTRAL ANDINA S.A.  ;FERROCARRIL DEL CENTRO;COCHES; -   
2022;3;FERROCARRIL DEL CENTRO;FERROVÍAS CENTRAL ANDINA S.A.  ;FERROCARRIL DEL CENTRO;LOCOMOTORAS; 69,964 
2022;3;FERROCARRIL DEL CENTRO;FERROVÍAS CENTRAL ANDINA S.A.  ;FERROCARRIL DEL CENTRO;VAGONES; 1,111,253 
2022;4;FERROCARRIL DEL CENTRO;FERROVÍAS CENTRAL ANDINA S.A.  ;FERROCARRIL DEL CENTRO;AUTOVAGONES; -   
2022;4;FERROCARRIL DEL CENTRO;FERROVÍAS CENTRAL ANDINA S.A.  ;FERROCARRIL DEL CENTRO;COCHES; -   
2022;4;FERROCARRIL DEL CENTRO;FERROVÍAS CENTRAL ANDINA S.A.  ;FERROCARRIL DEL CENTRO;LOCOMOTORAS; 62,878 
2022;4;FERROCARRIL DEL CENTRO;FERROVÍAS CENTRAL ANDINA S.A.  ;FERROCARRIL DEL CENTRO;VAGONES; 935,899 
2022;5;FERROCARRIL DEL CENTRO;FERROVÍAS CENTRAL ANDINA S.A.  ;FERROCARRIL DEL CENTRO;AUTOVAGONES; -   
2022;5;FERROCARRIL DEL CENTRO;FERROVÍAS CENTRAL ANDINA S.A.  ;FERROCARRIL DEL CENTRO;COCHES; -   
2022;5;FERROCARRIL DEL CENTRO;FERROVÍAS CENTRAL ANDINA S.A.  ;FERROCARRIL DEL CENTRO;LOCOMOTORAS; 72,660 
2022;5;FERROCARRIL DEL CENTRO;FERROVÍAS CENTRAL ANDINA S.A.  ;FERROCARRIL DEL CENTRO;VAGONES; 1,132,273 
2022;6;FERROCARRIL DEL CENTRO;FERROVÍAS CENTRAL ANDINA S.A.  ;FERROCARRIL DEL CENTRO;AUTOVAGONES; -   
2022;6;FERROCARRIL DEL CENTRO;FERROVÍAS CENTRAL ANDINA S.A.  ;FERROCARRIL DEL CENTRO;COCHES; -   
2022;6;FERROCARRIL DEL CENTRO;FERROVÍAS CENTRAL ANDINA S.A.  ;FERROCARRIL DEL CENTRO;LOCOMOTORAS; 75,476 
2022;6;FERROCARRIL DEL CENTRO;FERROVÍAS CENTRAL ANDINA S.A.  ;FERROCARRIL DEL CENTRO;VAGONES; 1,151,944 
2022;7;FERROCARRIL DEL CENTRO;FERROVÍAS CENTRAL ANDINA S.A.  ;FERROCARRIL DEL CENTRO;AUTOVAGONES; -   
2022;7;FERROCARRIL DEL CENTRO;FERROVÍAS CENTRAL ANDINA S.A.  ;FERROCARRIL DEL CENTRO;COCHES; -   
2022;7;FERROCARRIL DEL CENTRO;FERROVÍAS CENTRAL ANDINA S.A.  ;FERROCARRIL DEL CENTRO;LOCOMOTORAS; 80,230 
2022;7;FERROCARRIL DEL CENTRO;FERROVÍAS CENTRAL ANDINA S.A.  ;FERROCARRIL DEL CENTRO;VAGONES; 1,236,625 
2022;8;FERROCARRIL DEL CENTRO;FERROVÍAS CENTRAL ANDINA S.A.  ;FERROCARRIL DEL CENTRO;AUTOVAGONES; -   
2022;8;FERROCARRIL DEL CENTRO;FERROVÍAS CENTRAL ANDINA S.A.  ;FERROCARRIL DEL CENTRO;COCHES; 939 
2022;8;FERROCARRIL DEL CENTRO;FERROVÍAS CENTRAL ANDINA S.A.  ;FERROCARRIL DEL CENTRO;LOCOMOTORAS; 76,739 
2022;8;FERROCARRIL DEL CENTRO;FERROVÍAS CENTRAL ANDINA S.A.  ;FERROCARRIL DEL CENTRO;VAGONES; 1,195,688 
2022;9;FERROCARRIL DEL CENTRO;FERROVÍAS CENTRAL ANDINA S.A.  ;FERROCARRIL DEL CENTRO;AUTOVAGONES; -   
2022;9;FERROCARRIL DEL CENTRO;FERROVÍAS CENTRAL ANDINA S.A.  ;FERROCARRIL DEL CENTRO;COCHES; -   
2022;9;FERROCARRIL DEL CENTRO;FERROVÍAS CENTRAL ANDINA S.A.  ;FERROCARRIL DEL CENTRO;LOCOMOTORAS; 71,953 
2022;9;FERROCARRIL DEL CENTRO;FERROVÍAS CENTRAL ANDINA S.A.  ;FERROCARRIL DEL CENTRO;VAGONES; 1,160,258 
2022;10;FERROCARRIL DEL CENTRO;FERROVÍAS CENTRAL ANDINA S.A.  ;FERROCARRIL DEL CENTRO;AUTOVAGONES; -   
2022;10;FERROCARRIL DEL CENTRO;FERROVÍAS CENTRAL ANDINA S.A.  ;FERROCARRIL DEL CENTRO;COCHES; -   
2022;10;FERROCARRIL DEL CENTRO;FERROVÍAS CENTRAL ANDINA S.A.  ;FERROCARRIL DEL CENTRO;LOCOMOTORAS; 74,011 
2022;10;FERROCARRIL DEL CENTRO;FERROVÍAS CENTRAL ANDINA S.A.  ;FERROCARRIL DEL CENTRO;VAGONES; 1,146,973 
2022;11;FERROCARRIL DEL CENTRO;FERROVÍAS CENTRAL ANDINA S.A.  ;FERROCARRIL DEL CENTRO;AUTOVAGONES; -   
2022;11;FERROCARRIL DEL CENTRO;FERROVÍAS CENTRAL ANDINA S.A.  ;FERROCARRIL DEL CENTRO;COCHES; -   
2022;11;FERROCARRIL DEL CENTRO;FERROVÍAS CENTRAL ANDINA S.A.  ;FERROCARRIL DEL CENTRO;LOCOMOTORAS; 72,710 
2022;11;FERROCARRIL DEL CENTRO;FERROVÍAS CENTRAL ANDINA S.A.  ;FERROCARRIL DEL CENTRO;VAGONES; 1,138,945 
2022;12;FERROCARRIL DEL CENTRO;FERROVÍAS CENTRAL ANDINA S.A.  ;FERROCARRIL DEL CENTRO;AUTOVAGONES; -   
2022;12;FERROCARRIL DEL CENTRO;FERROVÍAS CENTRAL ANDINA S.A.  ;FERROCARRIL DEL CENTRO;COCHES; -   
2022;12;FERROCARRIL DEL CENTRO;FERROVÍAS CENTRAL ANDINA S.A.  ;FERROCARRIL DEL CENTRO;LOCOMOTORAS; 73,200 
2022;12;FERROCARRIL DEL CENTRO;FERROVÍAS CENTRAL ANDINA S.A.  ;FERROCARRIL DEL CENTRO;VAGONES; 1,163,916 
2023;1;FERROCARRIL DEL CENTRO;FERROVÍAS CENTRAL ANDINA S.A.  ;FERROCARRIL DEL CENTRO;AUTOVAGONES; -   
2023;1;FERROCARRIL DEL CENTRO;FERROVÍAS CENTRAL ANDINA S.A.  ;FERROCARRIL DEL CENTRO;COCHES; -   
2023;1;FERROCARRIL DEL CENTRO;FERROVÍAS CENTRAL ANDINA S.A.  ;FERROCARRIL DEL CENTRO;LOCOMOTORAS; 77,591 
2023;1;FERROCARRIL DEL CENTRO;FERROVÍAS CENTRAL ANDINA S.A.  ;FERROCARRIL DEL CENTRO;VAGONES; 1,129,054 
2023;2;FERROCARRIL DEL CENTRO;FERROVÍAS CENTRAL ANDINA S.A.  ;FERROCARRIL DEL CENTRO;AUTOVAGONES; -   
2023;2;FERROCARRIL DEL CENTRO;FERROVÍAS CENTRAL ANDINA S.A.  ;FERROCARRIL DEL CENTRO;COCHES; -   
2023;2;FERROCARRIL DEL CENTRO;FERROVÍAS CENTRAL ANDINA S.A.  ;FERROCARRIL DEL CENTRO;LOCOMOTORAS; 66,870 
2023;2;FERROCARRIL DEL CENTRO;FERROVÍAS CENTRAL ANDINA S.A.  ;FERROCARRIL DEL CENTRO;VAGONES; 932,975 
2023;3;FERROCARRIL DEL CENTRO;FERROVÍAS CENTRAL ANDINA S.A.  ;FERROCARRIL DEL CENTRO;AUTOVAGONES; -   
2023;3;FERROCARRIL DEL CENTRO;FERROVÍAS CENTRAL ANDINA S.A.  ;FERROCARRIL DEL CENTRO;COCHES; -   
2023;3;FERROCARRIL DEL CENTRO;FERROVÍAS CENTRAL ANDINA S.A.  ;FERROCARRIL DEL CENTRO;LOCOMOTORAS; 72,096 
2023;3;FERROCARRIL DEL CENTRO;FERROVÍAS CENTRAL ANDINA S.A.  ;FERROCARRIL DEL CENTRO;VAGONES; 1,028,501 
2023;4;FERROCARRIL DEL CENTRO;FERROVÍAS CENTRAL ANDINA S.A.  ;FERROCARRIL DEL CENTRO;AUTOVAGONES; -   
2023;4;FERROCARRIL DEL CENTRO;FERROVÍAS CENTRAL ANDINA S.A.  ;FERROCARRIL DEL CENTRO;COCHES; -   
2023;4;FERROCARRIL DEL CENTRO;FERROVÍAS CENTRAL ANDINA S.A.  ;FERROCARRIL DEL CENTRO;LOCOMOTORAS; 70,347 
2023;4;FERROCARRIL DEL CENTRO;FERROVÍAS CENTRAL ANDINA S.A.  ;FERROCARRIL DEL CENTRO;VAGONES; 910,094 
2023;5;FERROCARRIL DEL CENTRO;FERROVÍAS CENTRAL ANDINA S.A.  ;FERROCARRIL DEL CENTRO;AUTOVAGONES; -   
2023;5;FERROCARRIL DEL CENTRO;FERROVÍAS CENTRAL ANDINA S.A.  ;FERROCARRIL DEL CENTRO;COCHES; -   
2023;5;FERROCARRIL DEL CENTRO;FERROVÍAS CENTRAL ANDINA S.A.  ;FERROCARRIL DEL CENTRO;LOCOMOTORAS; 67,014 
2023;5;FERROCARRIL DEL CENTRO;FERROVÍAS CENTRAL ANDINA S.A.  ;FERROCARRIL DEL CENTRO;VAGONES; 907,212 
2023;6;FERROCARRIL DEL CENTRO;FERROVÍAS CENTRAL ANDINA S.A.  ;FERROCARRIL DEL CENTRO;AUTOVAGONES; -   
2023;6;FERROCARRIL DEL CENTRO;FERROVÍAS CENTRAL ANDINA S.A.  ;FERROCARRIL DEL CENTRO;COCHES; -   
2023;6;FERROCARRIL DEL CENTRO;FERROVÍAS CENTRAL ANDINA S.A.  ;FERROCARRIL DEL CENTRO;LOCOMOTORAS; 70,561 
2023;6;FERROCARRIL DEL CENTRO;FERROVÍAS CENTRAL ANDINA S.A.  ;FERROCARRIL DEL CENTRO;VAGONES; 1,020,619 
2023;7;FERROCARRIL DEL CENTRO;FERROVÍAS CENTRAL ANDINA S.A.  ;FERROCARRIL DEL CENTRO;AUTOVAGONES; -   
2023;7;FERROCARRIL DEL CENTRO;FERROVÍAS CENTRAL ANDINA S.A.  ;FERROCARRIL DEL CENTRO;COCHES; -   
2023;7;FERROCARRIL DEL CENTRO;FERROVÍAS CENTRAL ANDINA S.A.  ;FERROCARRIL DEL CENTRO;LOCOMOTORAS; 72,383 
2023;7;FERROCARRIL DEL CENTRO;FERROVÍAS CENTRAL ANDINA S.A.  ;FERROCARRIL DEL CENTRO;VAGONES; 1,018,709 
2023;8;FERROCARRIL DEL CENTRO;FERROVÍAS CENTRAL ANDINA S.A.  ;FERROCARRIL DEL CENTRO;AUTOVAGONES; -   
2023;8;FERROCARRIL DEL CENTRO;FERROVÍAS CENTRAL ANDINA S.A.  ;FERROCARRIL DEL CENTRO;COCHES; -   
2023;8;FERROCARRIL DEL CENTRO;FERROVÍAS CENTRAL ANDINA S.A.  ;FERROCARRIL DEL CENTRO;LOCOMOTORAS; 60,129 
2023;8;FERROCARRIL DEL CENTRO;FERROVÍAS CENTRAL ANDINA S.A.  ;FERROCARRIL DEL CENTRO;VAGONES; 829,515 
2023;9;FERROCARRIL DEL CENTRO;FERROVÍAS CENTRAL ANDINA S.A.  ;FERROCARRIL DEL CENTRO;AUTOVAGONES; -   
2023;9;FERROCARRIL DEL CENTRO;FERROVÍAS CENTRAL ANDINA S.A.  ;FERROCARRIL DEL CENTRO;COCHES; -   
2023;9;FERROCARRIL DEL CENTRO;FERROVÍAS CENTRAL ANDINA S.A.  ;FERROCARRIL DEL CENTRO;LOCOMOTORAS; 71,945 
2023;9;FERROCARRIL DEL CENTRO;FERROVÍAS CENTRAL ANDINA S.A.  ;FERROCARRIL DEL CENTRO;VAGONES; 1,045,486 
2023;10;FERROCARRIL DEL CENTRO;FERROVÍAS CENTRAL ANDINA S.A.  ;FERROCARRIL DEL CENTRO;AUTOVAGONES; -   
2023;10;FERROCARRIL DEL CENTRO;FERROVÍAS CENTRAL ANDINA S.A.  ;FERROCARRIL DEL CENTRO;COCHES; -   
2023;10;FERROCARRIL DEL CENTRO;FERROVÍAS CENTRAL ANDINA S.A.  ;FERROCARRIL DEL CENTRO;LOCOMOTORAS; 71,354 
2023;10;FERROCARRIL DEL CENTRO;FERROVÍAS CENTRAL ANDINA S.A.  ;FERROCARRIL DEL CENTRO;VAGONES; 1,042,078 
2023;11;FERROCARRIL DEL CENTRO;FERROVÍAS CENTRAL ANDINA S.A.  ;FERROCARRIL DEL CENTRO;AUTOVAGONES; -   
2023;11;FERROCARRIL DEL CENTRO;FERROVÍAS CENTRAL ANDINA S.A.  ;FERROCARRIL DEL CENTRO;COCHES; 57 
2023;11;FERROCARRIL DEL CENTRO;FERROVÍAS CENTRAL ANDINA S.A.  ;FERROCARRIL DEL CENTRO;LOCOMOTORAS; 66,322 
2023;11;FERROCARRIL DEL CENTRO;FERROVÍAS CENTRAL ANDINA S.A.  ;FERROCARRIL DEL CENTRO;VAGONES; 953,448 
2023;12;FERROCARRIL DEL CENTRO;FERROVÍAS CENTRAL ANDINA S.A.  ;FERROCARRIL DEL CENTRO;AUTOVAGONES; -   
2023;12;FERROCARRIL DEL CENTRO;FERROVÍAS CENTRAL ANDINA S.A.  ;FERROCARRIL DEL CENTRO;COCHES; 89 
2023;12;FERROCARRIL DEL CENTRO;FERROVÍAS CENTRAL ANDINA S.A.  ;FERROCARRIL DEL CENTRO;LOCOMOTORAS; 71,259 
2023;12;FERROCARRIL DEL CENTRO;FERROVÍAS CENTRAL ANDINA S.A.  ;FERROCARRIL DEL CENTRO;VAGONES; 1,054,779 
2019;1;FERROCARRIL DEL SUR Y SUR - ORIENTE;FERROCARRIL TRANSANDINO S.A.;FERROCARRIL DE SUR ORIENTE;AUTOVAGONES;102,172.40
2019;1;FERROCARRIL DEL SUR Y SUR - ORIENTE;FERROCARRIL TRANSANDINO S.A.;FERROCARRIL DE SUR ORIENTE;COCHES;182,203.40
2019;1;FERROCARRIL DEL SUR Y SUR - ORIENTE;FERROCARRIL TRANSANDINO S.A.;FERROCARRIL DE SUR ORIENTE;LOCOMOTORAS;51,937.30
2019;1;FERROCARRIL DEL SUR Y SUR - ORIENTE;FERROCARRIL TRANSANDINO S.A.;FERROCARRIL DE SUR ORIENTE;VAGONES;24,892.80
2019;1;FERROCARRIL DEL SUR Y SUR - ORIENTE;FERROCARRIL TRANSANDINO S.A.;FERROCARRIL DEL SUR;AUTOVAGONES;0
2019;1;FERROCARRIL DEL SUR Y SUR - ORIENTE;FERROCARRIL TRANSANDINO S.A.;FERROCARRIL DEL SUR;COCHES;198,357.70
2019;1;FERROCARRIL DEL SUR Y SUR - ORIENTE;FERROCARRIL TRANSANDINO S.A.;FERROCARRIL DEL SUR;LOCOMOTORAS;217,243.70
2019;1;FERROCARRIL DEL SUR Y SUR - ORIENTE;FERROCARRIL TRANSANDINO S.A.;FERROCARRIL DEL SUR;VAGONES;1,817,828.90
2019;2;FERROCARRIL DEL SUR Y SUR - ORIENTE;FERROCARRIL TRANSANDINO S.A.;FERROCARRIL DE SUR ORIENTE;AUTOVAGONES;83,564.40
2019;2;FERROCARRIL DEL SUR Y SUR - ORIENTE;FERROCARRIL TRANSANDINO S.A.;FERROCARRIL DE SUR ORIENTE;COCHES;147,965.60
2019;2;FERROCARRIL DEL SUR Y SUR - ORIENTE;FERROCARRIL TRANSANDINO S.A.;FERROCARRIL DE SUR ORIENTE;LOCOMOTORAS;43,389.90
2019;2;FERROCARRIL DEL SUR Y SUR - ORIENTE;FERROCARRIL TRANSANDINO S.A.;FERROCARRIL DE SUR ORIENTE;VAGONES;21,346.90
2019;2;FERROCARRIL DEL SUR Y SUR - ORIENTE;FERROCARRIL TRANSANDINO S.A.;FERROCARRIL DEL SUR;AUTOVAGONES;0
2019;2;FERROCARRIL DEL SUR Y SUR - ORIENTE;FERROCARRIL TRANSANDINO S.A.;FERROCARRIL DEL SUR;COCHES;62,090.00
2019;2;FERROCARRIL DEL SUR Y SUR - ORIENTE;FERROCARRIL TRANSANDINO S.A.;FERROCARRIL DEL SUR;LOCOMOTORAS;93,005.40
2019;2;FERROCARRIL DEL SUR Y SUR - ORIENTE;FERROCARRIL TRANSANDINO S.A.;FERROCARRIL DEL SUR;VAGONES;757,024.40
2019;3;FERROCARRIL DEL SUR Y SUR - ORIENTE;FERROCARRIL TRANSANDINO S.A.;FERROCARRIL DE SUR ORIENTE;AUTOVAGONES;108,934.20
2019;3;FERROCARRIL DEL SUR Y SUR - ORIENTE;FERROCARRIL TRANSANDINO S.A.;FERROCARRIL DE SUR ORIENTE;COCHES;194,298.80
2019;3;FERROCARRIL DEL SUR Y SUR - ORIENTE;FERROCARRIL TRANSANDINO S.A.;FERROCARRIL DE SUR ORIENTE;LOCOMOTORAS;50,667.80
2019;3;FERROCARRIL DEL SUR Y SUR - ORIENTE;FERROCARRIL TRANSANDINO S.A.;FERROCARRIL DE SUR ORIENTE;VAGONES;24,798.60
2019;3;FERROCARRIL DEL SUR Y SUR - ORIENTE;FERROCARRIL TRANSANDINO S.A.;FERROCARRIL DEL SUR;AUTOVAGONES;0
2019;3;FERROCARRIL DEL SUR Y SUR - ORIENTE;FERROCARRIL TRANSANDINO S.A.;FERROCARRIL DEL SUR;COCHES;214,291.10
2019;3;FERROCARRIL DEL SUR Y SUR - ORIENTE;FERROCARRIL TRANSANDINO S.A.;FERROCARRIL DEL SUR;LOCOMOTORAS;92,921.80
2019;3;FERROCARRIL DEL SUR Y SUR - ORIENTE;FERROCARRIL TRANSANDINO S.A.;FERROCARRIL DEL SUR;VAGONES;683,845.60
2019;4;FERROCARRIL DEL SUR Y SUR - ORIENTE;FERROCARRIL TRANSANDINO S.A.;FERROCARRIL DE SUR ORIENTE;AUTOVAGONES;132,444.20
2019;4;FERROCARRIL DEL SUR Y SUR - ORIENTE;FERROCARRIL TRANSANDINO S.A.;FERROCARRIL DE SUR ORIENTE;COCHES;205,613.70
2019;4;FERROCARRIL DEL SUR Y SUR - ORIENTE;FERROCARRIL TRANSANDINO S.A.;FERROCARRIL DE SUR ORIENTE;LOCOMOTORAS;50,271.50
2019;4;FERROCARRIL DEL SUR Y SUR - ORIENTE;FERROCARRIL TRANSANDINO S.A.;FERROCARRIL DE SUR ORIENTE;VAGONES;24,260.90
2019;4;FERROCARRIL DEL SUR Y SUR - ORIENTE;FERROCARRIL TRANSANDINO S.A.;FERROCARRIL DEL SUR;AUTOVAGONES;0
2019;4;FERROCARRIL DEL SUR Y SUR - ORIENTE;FERROCARRIL TRANSANDINO S.A.;FERROCARRIL DEL SUR;COCHES;220,312.40
2019;4;FERROCARRIL DEL SUR Y SUR - ORIENTE;FERROCARRIL TRANSANDINO S.A.;FERROCARRIL DEL SUR;LOCOMOTORAS;165,315.00
2019;4;FERROCARRIL DEL SUR Y SUR - ORIENTE;FERROCARRIL TRANSANDINO S.A.;FERROCARRIL DEL SUR;VAGONES;1,293,206.40
2019;5;FERROCARRIL DEL SUR Y SUR - ORIENTE;FERROCARRIL TRANSANDINO S.A.;FERROCARRIL DE SUR ORIENTE;AUTOVAGONES;153,587.10
2019;5;FERROCARRIL DEL SUR Y SUR - ORIENTE;FERROCARRIL TRANSANDINO S.A.;FERROCARRIL DE SUR ORIENTE;COCHES;290,982.10
2019;5;FERROCARRIL DEL SUR Y SUR - ORIENTE;FERROCARRIL TRANSANDINO S.A.;FERROCARRIL DE SUR ORIENTE;LOCOMOTORAS;69,541.20
2019;5;FERROCARRIL DEL SUR Y SUR - ORIENTE;FERROCARRIL TRANSANDINO S.A.;FERROCARRIL DE SUR ORIENTE;VAGONES;24,202.50
2019;5;FERROCARRIL DEL SUR Y SUR - ORIENTE;FERROCARRIL TRANSANDINO S.A.;FERROCARRIL DEL SUR;AUTOVAGONES;0
2019;5;FERROCARRIL DEL SUR Y SUR - ORIENTE;FERROCARRIL TRANSANDINO S.A.;FERROCARRIL DEL SUR;COCHES;247,827.40
2019;5;FERROCARRIL DEL SUR Y SUR - ORIENTE;FERROCARRIL TRANSANDINO S.A.;FERROCARRIL DEL SUR;LOCOMOTORAS;221,380.80
2019;5;FERROCARRIL DEL SUR Y SUR - ORIENTE;FERROCARRIL TRANSANDINO S.A.;FERROCARRIL DEL SUR;VAGONES;1,768,494.60
2019;6;FERROCARRIL DEL SUR Y SUR - ORIENTE;FERROCARRIL TRANSANDINO S.A.;FERROCARRIL DE SUR ORIENTE;AUTOVAGONES;143,570.70
2019;6;FERROCARRIL DEL SUR Y SUR - ORIENTE;FERROCARRIL TRANSANDINO S.A.;FERROCARRIL DE SUR ORIENTE;COCHES;282,713.10
2019;6;FERROCARRIL DEL SUR Y SUR - ORIENTE;FERROCARRIL TRANSANDINO S.A.;FERROCARRIL DE SUR ORIENTE;LOCOMOTORAS;67,818.20
2019;6;FERROCARRIL DEL SUR Y SUR - ORIENTE;FERROCARRIL TRANSANDINO S.A.;FERROCARRIL DE SUR ORIENTE;VAGONES;25,442.90
2019;6;FERROCARRIL DEL SUR Y SUR - ORIENTE;FERROCARRIL TRANSANDINO S.A.;FERROCARRIL DEL SUR;AUTOVAGONES;0
2019;6;FERROCARRIL DEL SUR Y SUR - ORIENTE;FERROCARRIL TRANSANDINO S.A.;FERROCARRIL DEL SUR;COCHES;211,004.40
2019;6;FERROCARRIL DEL SUR Y SUR - ORIENTE;FERROCARRIL TRANSANDINO S.A.;FERROCARRIL DEL SUR;LOCOMOTORAS;217,557.30
2019;6;FERROCARRIL DEL SUR Y SUR - ORIENTE;FERROCARRIL TRANSANDINO S.A.;FERROCARRIL DEL SUR;VAGONES;1,815,166.40
2019;7;FERROCARRIL DEL SUR Y SUR - ORIENTE;FERROCARRIL TRANSANDINO S.A.;FERROCARRIL DE SUR ORIENTE;AUTOVAGONES;164,200.20
2019;7;FERROCARRIL DEL SUR Y SUR - ORIENTE;FERROCARRIL TRANSANDINO S.A.;FERROCARRIL DE SUR ORIENTE;COCHES;312,004.30
2019;7;FERROCARRIL DEL SUR Y SUR - ORIENTE;FERROCARRIL TRANSANDINO S.A.;FERROCARRIL DE SUR ORIENTE;LOCOMOTORAS;70,057.90
2019;7;FERROCARRIL DEL SUR Y SUR - ORIENTE;FERROCARRIL TRANSANDINO S.A.;FERROCARRIL DE SUR ORIENTE;VAGONES;25,511.60
2019;7;FERROCARRIL DEL SUR Y SUR - ORIENTE;FERROCARRIL TRANSANDINO S.A.;FERROCARRIL DEL SUR;AUTOVAGONES;0
2019;7;FERROCARRIL DEL SUR Y SUR - ORIENTE;FERROCARRIL TRANSANDINO S.A.;FERROCARRIL DEL SUR;COCHES;180,689.10
2019;7;FERROCARRIL DEL SUR Y SUR - ORIENTE;FERROCARRIL TRANSANDINO S.A.;FERROCARRIL DEL SUR;LOCOMOTORAS;119,423.20
2019;7;FERROCARRIL DEL SUR Y SUR - ORIENTE;FERROCARRIL TRANSANDINO S.A.;FERROCARRIL DEL SUR;VAGONES;906,385.20
2019;8;FERROCARRIL DEL SUR Y SUR - ORIENTE;FERROCARRIL TRANSANDINO S.A.;FERROCARRIL DEL SUR;LOCOMOTORAS;175,705.80
2020;1;FERROCARRIL DEL SUR Y SUR - ORIENTE;FERROCARRIL TRANSANDINO S.A.;FERROCARRIL DE SUR ORIENTE;AUTOVAGONES; 102,997 
2020;1;FERROCARRIL DEL SUR Y SUR - ORIENTE;FERROCARRIL TRANSANDINO S.A.;FERROCARRIL DE SUR ORIENTE;COCHES; 196,420 
2020;1;FERROCARRIL DEL SUR Y SUR - ORIENTE;FERROCARRIL TRANSANDINO S.A.;FERROCARRIL DE SUR ORIENTE;LOCOMOTORAS; 52,525 
2020;1;FERROCARRIL DEL SUR Y SUR - ORIENTE;FERROCARRIL TRANSANDINO S.A.;FERROCARRIL DE SUR ORIENTE;VAGONES; 23,576 
2020;1;FERROCARRIL DEL SUR Y SUR - ORIENTE;FERROCARRIL TRANSANDINO S.A.;FERROCARRIL DEL SUR;AUTOVAGONES; -   
2020;1;FERROCARRIL DEL SUR Y SUR - ORIENTE;FERROCARRIL TRANSANDINO S.A.;FERROCARRIL DEL SUR;COCHES; 201,645 
2020;1;FERROCARRIL DEL SUR Y SUR - ORIENTE;FERROCARRIL TRANSANDINO S.A.;FERROCARRIL DEL SUR;LOCOMOTORAS; 216,026 
2020;1;FERROCARRIL DEL SUR Y SUR - ORIENTE;FERROCARRIL TRANSANDINO S.A.;FERROCARRIL DEL SUR;VAGONES; 1,766,050 
2020;2;FERROCARRIL DEL SUR Y SUR - ORIENTE;FERROCARRIL TRANSANDINO S.A.;FERROCARRIL DE SUR ORIENTE;AUTOVAGONES; 91,096 
2020;2;FERROCARRIL DEL SUR Y SUR - ORIENTE;FERROCARRIL TRANSANDINO S.A.;FERROCARRIL DE SUR ORIENTE;COCHES; 167,823 
2020;2;FERROCARRIL DEL SUR Y SUR - ORIENTE;FERROCARRIL TRANSANDINO S.A.;FERROCARRIL DE SUR ORIENTE;LOCOMOTORAS; 47,481 
2020;2;FERROCARRIL DEL SUR Y SUR - ORIENTE;FERROCARRIL TRANSANDINO S.A.;FERROCARRIL DE SUR ORIENTE;VAGONES; 23,728 
2020;2;FERROCARRIL DEL SUR Y SUR - ORIENTE;FERROCARRIL TRANSANDINO S.A.;FERROCARRIL DEL SUR;AUTOVAGONES; -   
2020;2;FERROCARRIL DEL SUR Y SUR - ORIENTE;FERROCARRIL TRANSANDINO S.A.;FERROCARRIL DEL SUR;COCHES; 59,552 
2020;2;FERROCARRIL DEL SUR Y SUR - ORIENTE;FERROCARRIL TRANSANDINO S.A.;FERROCARRIL DEL SUR;LOCOMOTORAS; 156,372 
2020;2;FERROCARRIL DEL SUR Y SUR - ORIENTE;FERROCARRIL TRANSANDINO S.A.;FERROCARRIL DEL SUR;VAGONES; 1,339,732 
2020;3;FERROCARRIL DEL SUR Y SUR - ORIENTE;FERROCARRIL TRANSANDINO S.A.;FERROCARRIL DE SUR ORIENTE;AUTOVAGONES; 49,957 
2020;3;FERROCARRIL DEL SUR Y SUR - ORIENTE;FERROCARRIL TRANSANDINO S.A.;FERROCARRIL DE SUR ORIENTE;COCHES; 104,302 
2020;3;FERROCARRIL DEL SUR Y SUR - ORIENTE;FERROCARRIL TRANSANDINO S.A.;FERROCARRIL DE SUR ORIENTE;LOCOMOTORAS; 29,249 
2020;3;FERROCARRIL DEL SUR Y SUR - ORIENTE;FERROCARRIL TRANSANDINO S.A.;FERROCARRIL DE SUR ORIENTE;VAGONES; 13,115 
2020;3;FERROCARRIL DEL SUR Y SUR - ORIENTE;FERROCARRIL TRANSANDINO S.A.;FERROCARRIL DEL SUR;AUTOVAGONES; -   
2020;3;FERROCARRIL DEL SUR Y SUR - ORIENTE;FERROCARRIL TRANSANDINO S.A.;FERROCARRIL DEL SUR;COCHES; 95,337 
2020;3;FERROCARRIL DEL SUR Y SUR - ORIENTE;FERROCARRIL TRANSANDINO S.A.;FERROCARRIL DEL SUR;LOCOMOTORAS; 139,626 
2020;3;FERROCARRIL DEL SUR Y SUR - ORIENTE;FERROCARRIL TRANSANDINO S.A.;FERROCARRIL DEL SUR;VAGONES; 1,139,099 
2020;4;FERROCARRIL DEL SUR Y SUR - ORIENTE;FERROCARRIL TRANSANDINO S.A.;FERROCARRIL DE SUR ORIENTE;AUTOVAGONES; 24 
2020;4;FERROCARRIL DEL SUR Y SUR - ORIENTE;FERROCARRIL TRANSANDINO S.A.;FERROCARRIL DE SUR ORIENTE;COCHES; 5,451 
2020;4;FERROCARRIL DEL SUR Y SUR - ORIENTE;FERROCARRIL TRANSANDINO S.A.;FERROCARRIL DE SUR ORIENTE;LOCOMOTORAS; 2,936 
2020;4;FERROCARRIL DEL SUR Y SUR - ORIENTE;FERROCARRIL TRANSANDINO S.A.;FERROCARRIL DE SUR ORIENTE;VAGONES; 3,018 
2020;4;FERROCARRIL DEL SUR Y SUR - ORIENTE;FERROCARRIL TRANSANDINO S.A.;FERROCARRIL DEL SUR;AUTOVAGONES; -   
2020;4;FERROCARRIL DEL SUR Y SUR - ORIENTE;FERROCARRIL TRANSANDINO S.A.;FERROCARRIL DEL SUR;COCHES; -   
2020;4;FERROCARRIL DEL SUR Y SUR - ORIENTE;FERROCARRIL TRANSANDINO S.A.;FERROCARRIL DEL SUR;LOCOMOTORAS; 43,014 
2020;4;FERROCARRIL DEL SUR Y SUR - ORIENTE;FERROCARRIL TRANSANDINO S.A.;FERROCARRIL DEL SUR;VAGONES; 388,766 
2020;5;FERROCARRIL DEL SUR Y SUR - ORIENTE;FERROCARRIL TRANSANDINO S.A.;FERROCARRIL DE SUR ORIENTE;AUTOVAGONES; -   
2020;5;FERROCARRIL DEL SUR Y SUR - ORIENTE;FERROCARRIL TRANSANDINO S.A.;FERROCARRIL DE SUR ORIENTE;COCHES; 2,036 
2020;5;FERROCARRIL DEL SUR Y SUR - ORIENTE;FERROCARRIL TRANSANDINO S.A.;FERROCARRIL DE SUR ORIENTE;LOCOMOTORAS; 2,007 
2020;5;FERROCARRIL DEL SUR Y SUR - ORIENTE;FERROCARRIL TRANSANDINO S.A.;FERROCARRIL DE SUR ORIENTE;VAGONES; 2,825 
2020;5;FERROCARRIL DEL SUR Y SUR - ORIENTE;FERROCARRIL TRANSANDINO S.A.;FERROCARRIL DEL SUR;AUTOVAGONES; -   
2020;5;FERROCARRIL DEL SUR Y SUR - ORIENTE;FERROCARRIL TRANSANDINO S.A.;FERROCARRIL DEL SUR;COCHES; -   
2020;5;FERROCARRIL DEL SUR Y SUR - ORIENTE;FERROCARRIL TRANSANDINO S.A.;FERROCARRIL DEL SUR;LOCOMOTORAS; 155,426 
2020;5;FERROCARRIL DEL SUR Y SUR - ORIENTE;FERROCARRIL TRANSANDINO S.A.;FERROCARRIL DEL SUR;VAGONES; 1,463,009 
2020;6;FERROCARRIL DEL SUR Y SUR - ORIENTE;FERROCARRIL TRANSANDINO S.A.;FERROCARRIL DE SUR ORIENTE;AUTOVAGONES; -   
2020;6;FERROCARRIL DEL SUR Y SUR - ORIENTE;FERROCARRIL TRANSANDINO S.A.;FERROCARRIL DE SUR ORIENTE;COCHES; 3,038 
2020;6;FERROCARRIL DEL SUR Y SUR - ORIENTE;FERROCARRIL TRANSANDINO S.A.;FERROCARRIL DE SUR ORIENTE;LOCOMOTORAS; 2,039 
2020;6;FERROCARRIL DEL SUR Y SUR - ORIENTE;FERROCARRIL TRANSANDINO S.A.;FERROCARRIL DE SUR ORIENTE;VAGONES; 3,575 
2020;6;FERROCARRIL DEL SUR Y SUR - ORIENTE;FERROCARRIL TRANSANDINO S.A.;FERROCARRIL DEL SUR;AUTOVAGONES; -   
2020;6;FERROCARRIL DEL SUR Y SUR - ORIENTE;FERROCARRIL TRANSANDINO S.A.;FERROCARRIL DEL SUR;COCHES; -   
2020;6;FERROCARRIL DEL SUR Y SUR - ORIENTE;FERROCARRIL TRANSANDINO S.A.;FERROCARRIL DEL SUR;LOCOMOTORAS; 187,879 
2020;6;FERROCARRIL DEL SUR Y SUR - ORIENTE;FERROCARRIL TRANSANDINO S.A.;FERROCARRIL DEL SUR;VAGONES; 1,778,066 
2020;7;FERROCARRIL DEL SUR Y SUR - ORIENTE;FERROCARRIL TRANSANDINO S.A.;FERROCARRIL DE SUR ORIENTE;AUTOVAGONES; 2,731 
2020;7;FERROCARRIL DEL SUR Y SUR - ORIENTE;FERROCARRIL TRANSANDINO S.A.;FERROCARRIL DE SUR ORIENTE;COCHES; 16,588 
2020;7;FERROCARRIL DEL SUR Y SUR - ORIENTE;FERROCARRIL TRANSANDINO S.A.;FERROCARRIL DE SUR ORIENTE;LOCOMOTORAS; 5,833 
2020;7;FERROCARRIL DEL SUR Y SUR - ORIENTE;FERROCARRIL TRANSANDINO S.A.;FERROCARRIL DE SUR ORIENTE;VAGONES; 6,015 
2020;7;FERROCARRIL DEL SUR Y SUR - ORIENTE;FERROCARRIL TRANSANDINO S.A.;FERROCARRIL DEL SUR;AUTOVAGONES; -   
2020;7;FERROCARRIL DEL SUR Y SUR - ORIENTE;FERROCARRIL TRANSANDINO S.A.;FERROCARRIL DEL SUR;COCHES; -   
2020;7;FERROCARRIL DEL SUR Y SUR - ORIENTE;FERROCARRIL TRANSANDINO S.A.;FERROCARRIL DEL SUR;LOCOMOTORAS; 135,033 
2020;7;FERROCARRIL DEL SUR Y SUR - ORIENTE;FERROCARRIL TRANSANDINO S.A.;FERROCARRIL DEL SUR;VAGONES; 1,287,610 
2020;8;FERROCARRIL DEL SUR Y SUR - ORIENTE;FERROCARRIL TRANSANDINO S.A.;FERROCARRIL DE SUR ORIENTE;AUTOVAGONES; 528 
2020;8;FERROCARRIL DEL SUR Y SUR - ORIENTE;FERROCARRIL TRANSANDINO S.A.;FERROCARRIL DE SUR ORIENTE;COCHES; 43,835 
2020;8;FERROCARRIL DEL SUR Y SUR - ORIENTE;FERROCARRIL TRANSANDINO S.A.;FERROCARRIL DE SUR ORIENTE;LOCOMOTORAS; 14,381 
2020;8;FERROCARRIL DEL SUR Y SUR - ORIENTE;FERROCARRIL TRANSANDINO S.A.;FERROCARRIL DE SUR ORIENTE;VAGONES; 11,535 
2020;8;FERROCARRIL DEL SUR Y SUR - ORIENTE;FERROCARRIL TRANSANDINO S.A.;FERROCARRIL DEL SUR;AUTOVAGONES; -   
2020;8;FERROCARRIL DEL SUR Y SUR - ORIENTE;FERROCARRIL TRANSANDINO S.A.;FERROCARRIL DEL SUR;COCHES; -   
2020;8;FERROCARRIL DEL SUR Y SUR - ORIENTE;FERROCARRIL TRANSANDINO S.A.;FERROCARRIL DEL SUR;LOCOMOTORAS; 119,942 
2020;8;FERROCARRIL DEL SUR Y SUR - ORIENTE;FERROCARRIL TRANSANDINO S.A.;FERROCARRIL DEL SUR;VAGONES; 1,138,298 
2020;9;FERROCARRIL DEL SUR Y SUR - ORIENTE;FERROCARRIL TRANSANDINO S.A.;FERROCARRIL DE SUR ORIENTE;AUTOVAGONES; -   
2020;9;FERROCARRIL DEL SUR Y SUR - ORIENTE;FERROCARRIL TRANSANDINO S.A.;FERROCARRIL DE SUR ORIENTE;COCHES; 34,795 
2020;9;FERROCARRIL DEL SUR Y SUR - ORIENTE;FERROCARRIL TRANSANDINO S.A.;FERROCARRIL DE SUR ORIENTE;LOCOMOTORAS; 11,136 
2020;9;FERROCARRIL DEL SUR Y SUR - ORIENTE;FERROCARRIL TRANSANDINO S.A.;FERROCARRIL DE SUR ORIENTE;VAGONES; 10,371 
2020;9;FERROCARRIL DEL SUR Y SUR - ORIENTE;FERROCARRIL TRANSANDINO S.A.;FERROCARRIL DEL SUR;AUTOVAGONES; -   
2020;9;FERROCARRIL DEL SUR Y SUR - ORIENTE;FERROCARRIL TRANSANDINO S.A.;FERROCARRIL DEL SUR;COCHES; -   
2020;9;FERROCARRIL DEL SUR Y SUR - ORIENTE;FERROCARRIL TRANSANDINO S.A.;FERROCARRIL DEL SUR;LOCOMOTORAS; 195,117 
2020;9;FERROCARRIL DEL SUR Y SUR - ORIENTE;FERROCARRIL TRANSANDINO S.A.;FERROCARRIL DEL SUR;VAGONES; 1,814,497 
2020;10;FERROCARRIL DEL SUR Y SUR - ORIENTE;FERROCARRIL TRANSANDINO S.A.;FERROCARRIL DE SUR ORIENTE;AUTOVAGONES; 2,298 
2020;10;FERROCARRIL DEL SUR Y SUR - ORIENTE;FERROCARRIL TRANSANDINO S.A.;FERROCARRIL DE SUR ORIENTE;COCHES; 40,835 
2020;10;FERROCARRIL DEL SUR Y SUR - ORIENTE;FERROCARRIL TRANSANDINO S.A.;FERROCARRIL DE SUR ORIENTE;LOCOMOTORAS; 12,847 
2020;10;FERROCARRIL DEL SUR Y SUR - ORIENTE;FERROCARRIL TRANSANDINO S.A.;FERROCARRIL DE SUR ORIENTE;VAGONES; 12,878 
2020;10;FERROCARRIL DEL SUR Y SUR - ORIENTE;FERROCARRIL TRANSANDINO S.A.;FERROCARRIL DEL SUR;AUTOVAGONES; -   
2020;10;FERROCARRIL DEL SUR Y SUR - ORIENTE;FERROCARRIL TRANSANDINO S.A.;FERROCARRIL DEL SUR;COCHES; -   
2020;10;FERROCARRIL DEL SUR Y SUR - ORIENTE;FERROCARRIL TRANSANDINO S.A.;FERROCARRIL DEL SUR;LOCOMOTORAS; 175,444 
2020;10;FERROCARRIL DEL SUR Y SUR - ORIENTE;FERROCARRIL TRANSANDINO S.A.;FERROCARRIL DEL SUR;VAGONES; 1,627,284 
2020;11;FERROCARRIL DEL SUR Y SUR - ORIENTE;FERROCARRIL TRANSANDINO S.A.;FERROCARRIL DE SUR ORIENTE;AUTOVAGONES; 12,326 
2020;11;FERROCARRIL DEL SUR Y SUR - ORIENTE;FERROCARRIL TRANSANDINO S.A.;FERROCARRIL DE SUR ORIENTE;COCHES; 119,636 
2020;11;FERROCARRIL DEL SUR Y SUR - ORIENTE;FERROCARRIL TRANSANDINO S.A.;FERROCARRIL DE SUR ORIENTE;LOCOMOTORAS; 31,375 
2020;11;FERROCARRIL DEL SUR Y SUR - ORIENTE;FERROCARRIL TRANSANDINO S.A.;FERROCARRIL DE SUR ORIENTE;VAGONES; 18,098 
2020;11;FERROCARRIL DEL SUR Y SUR - ORIENTE;FERROCARRIL TRANSANDINO S.A.;FERROCARRIL DEL SUR;AUTOVAGONES; -   
2020;11;FERROCARRIL DEL SUR Y SUR - ORIENTE;FERROCARRIL TRANSANDINO S.A.;FERROCARRIL DEL SUR;COCHES; -   
2020;11;FERROCARRIL DEL SUR Y SUR - ORIENTE;FERROCARRIL TRANSANDINO S.A.;FERROCARRIL DEL SUR;LOCOMOTORAS; 205,694 
2020;11;FERROCARRIL DEL SUR Y SUR - ORIENTE;FERROCARRIL TRANSANDINO S.A.;FERROCARRIL DEL SUR;VAGONES; 1,909,199 
2020;12;FERROCARRIL DEL SUR Y SUR - ORIENTE;FERROCARRIL TRANSANDINO S.A.;FERROCARRIL DE SUR ORIENTE;AUTOVAGONES; 16,434 
2020;12;FERROCARRIL DEL SUR Y SUR - ORIENTE;FERROCARRIL TRANSANDINO S.A.;FERROCARRIL DE SUR ORIENTE;COCHES; 109,725 
2020;12;FERROCARRIL DEL SUR Y SUR - ORIENTE;FERROCARRIL TRANSANDINO S.A.;FERROCARRIL DE SUR ORIENTE;LOCOMOTORAS; 27,168 
2020;12;FERROCARRIL DEL SUR Y SUR - ORIENTE;FERROCARRIL TRANSANDINO S.A.;FERROCARRIL DE SUR ORIENTE;VAGONES; 15,307 
2020;12;FERROCARRIL DEL SUR Y SUR - ORIENTE;FERROCARRIL TRANSANDINO S.A.;FERROCARRIL DEL SUR;AUTOVAGONES; -   
2020;12;FERROCARRIL DEL SUR Y SUR - ORIENTE;FERROCARRIL TRANSANDINO S.A.;FERROCARRIL DEL SUR;COCHES; -   
2020;12;FERROCARRIL DEL SUR Y SUR - ORIENTE;FERROCARRIL TRANSANDINO S.A.;FERROCARRIL DEL SUR;LOCOMOTORAS; 93,306 
2020;12;FERROCARRIL DEL SUR Y SUR - ORIENTE;FERROCARRIL TRANSANDINO S.A.;FERROCARRIL DEL SUR;VAGONES; 893,861 
2021;1;FERROCARRIL DEL SUR Y SUR - ORIENTE;FERROCARRIL TRANSANDINO S.A.;FERROCARRIL DE SUR ORIENTE;AUTOVAGONES; 12,490 
2021;1;FERROCARRIL DEL SUR Y SUR - ORIENTE;FERROCARRIL TRANSANDINO S.A.;FERROCARRIL DE SUR ORIENTE;COCHES; 105,401 
2021;1;FERROCARRIL DEL SUR Y SUR - ORIENTE;FERROCARRIL TRANSANDINO S.A.;FERROCARRIL DE SUR ORIENTE;LOCOMOTORAS; 29,703 
2021;1;FERROCARRIL DEL SUR Y SUR - ORIENTE;FERROCARRIL TRANSANDINO S.A.;FERROCARRIL DE SUR ORIENTE;VAGONES; 21,007 
2021;1;FERROCARRIL DEL SUR Y SUR - ORIENTE;FERROCARRIL TRANSANDINO S.A.;FERROCARRIL DE SUR ORIENTE;VAGONES DE TRABAJO; -   
2021;1;FERROCARRIL DEL SUR Y SUR - ORIENTE;FERROVÍAS CENTRAL ANDINA S.A.  ;FERROCARRIL DEL CENTRO;VAGONES DE TRABAJO; 1,300 
2021;1;FERROCARRIL DEL SUR Y SUR - ORIENTE;FERROCARRIL TRANSANDINO S.A.;FERROCARRIL DEL SUR;AUTOVAGONES; -   
2021;1;FERROCARRIL DEL SUR Y SUR - ORIENTE;FERROCARRIL TRANSANDINO S.A.;FERROCARRIL DEL SUR;COCHES; -   
2021;1;FERROCARRIL DEL SUR Y SUR - ORIENTE;FERROCARRIL TRANSANDINO S.A.;FERROCARRIL DEL SUR;LOCOMOTORAS; 172,643 
2021;1;FERROCARRIL DEL SUR Y SUR - ORIENTE;FERROCARRIL TRANSANDINO S.A.;FERROCARRIL DEL SUR;VAGONES; 1,617,751 
2021;1;FERROCARRIL DEL SUR Y SUR - ORIENTE;FERROCARRIL TRANSANDINO S.A.;FERROCARRIL DEL SUR;VAGONES DE TRABAJO; 18,201 
2021;2;FERROCARRIL DEL SUR Y SUR - ORIENTE;FERROCARRIL TRANSANDINO S.A.;FERROCARRIL DE SUR ORIENTE;AUTOVAGONES; 1,166 
2021;2;FERROCARRIL DEL SUR Y SUR - ORIENTE;FERROCARRIL TRANSANDINO S.A.;FERROCARRIL DE SUR ORIENTE;COCHES; 40,030 
2021;2;FERROCARRIL DEL SUR Y SUR - ORIENTE;FERROCARRIL TRANSANDINO S.A.;FERROCARRIL DE SUR ORIENTE;LOCOMOTORAS; 15,041 
2021;2;FERROCARRIL DEL SUR Y SUR - ORIENTE;FERROCARRIL TRANSANDINO S.A.;FERROCARRIL DE SUR ORIENTE;VAGONES; 16,525 
2021;2;FERROCARRIL DEL SUR Y SUR - ORIENTE;FERROCARRIL TRANSANDINO S.A.;FERROCARRIL DE SUR ORIENTE;VAGONES DE TRABAJO; 1,916 
2021;2;FERROCARRIL DEL SUR Y SUR - ORIENTE;FERROVÍAS CENTRAL ANDINA S.A.  ;FERROCARRIL DEL CENTRO;VAGONES DE TRABAJO; 1,786 
2021;2;FERROCARRIL DEL SUR Y SUR - ORIENTE;FERROCARRIL TRANSANDINO S.A.;FERROCARRIL DEL SUR;AUTOVAGONES; -   
2021;2;FERROCARRIL DEL SUR Y SUR - ORIENTE;FERROCARRIL TRANSANDINO S.A.;FERROCARRIL DEL SUR;COCHES; -   
2021;2;FERROCARRIL DEL SUR Y SUR - ORIENTE;FERROCARRIL TRANSANDINO S.A.;FERROCARRIL DEL SUR;LOCOMOTORAS; 191,718 
2021;2;FERROCARRIL DEL SUR Y SUR - ORIENTE;FERROCARRIL TRANSANDINO S.A.;FERROCARRIL DEL SUR;VAGONES; 1,769,442 
2021;2;FERROCARRIL DEL SUR Y SUR - ORIENTE;FERROCARRIL TRANSANDINO S.A.;FERROCARRIL DEL SUR;VAGONES DE TRABAJO; 8,870 
2021;3;FERROCARRIL DEL SUR Y SUR - ORIENTE;FERROCARRIL TRANSANDINO S.A.;FERROCARRIL DE SUR ORIENTE;AUTOVAGONES; 9,217 
2021;3;FERROCARRIL DEL SUR Y SUR - ORIENTE;FERROCARRIL TRANSANDINO S.A.;FERROCARRIL DE SUR ORIENTE;COCHES; 64,664 
2021;3;FERROCARRIL DEL SUR Y SUR - ORIENTE;FERROCARRIL TRANSANDINO S.A.;FERROCARRIL DE SUR ORIENTE;LOCOMOTORAS; 22,510 
2021;3;FERROCARRIL DEL SUR Y SUR - ORIENTE;FERROCARRIL TRANSANDINO S.A.;FERROCARRIL DE SUR ORIENTE;VAGONES; 17,910 
2021;3;FERROCARRIL DEL SUR Y SUR - ORIENTE;FERROCARRIL TRANSANDINO S.A.;FERROCARRIL DE SUR ORIENTE;VAGONES DE TRABAJO; 1,888 
2021;3;FERROCARRIL DEL SUR Y SUR - ORIENTE;FERROVÍAS CENTRAL ANDINA S.A.  ;FERROCARRIL DEL CENTRO;VAGONES DE TRABAJO; 283 
2021;3;FERROCARRIL DEL SUR Y SUR - ORIENTE;FERROCARRIL TRANSANDINO S.A.;FERROCARRIL DEL SUR;AUTOVAGONES; -   
2021;3;FERROCARRIL DEL SUR Y SUR - ORIENTE;FERROCARRIL TRANSANDINO S.A.;FERROCARRIL DEL SUR;COCHES; 2,100 
2021;3;FERROCARRIL DEL SUR Y SUR - ORIENTE;FERROCARRIL TRANSANDINO S.A.;FERROCARRIL DEL SUR;LOCOMOTORAS; 187,978 
2021;3;FERROCARRIL DEL SUR Y SUR - ORIENTE;FERROCARRIL TRANSANDINO S.A.;FERROCARRIL DEL SUR;VAGONES; 1,740,464 
2021;3;FERROCARRIL DEL SUR Y SUR - ORIENTE;FERROCARRIL TRANSANDINO S.A.;FERROCARRIL DEL SUR;VAGONES DE TRABAJO; 6,353 
2021;4;FERROCARRIL DEL SUR Y SUR - ORIENTE;FERROCARRIL TRANSANDINO S.A.;FERROCARRIL DE SUR ORIENTE;AUTOVAGONES; 9,084 
2021;4;FERROCARRIL DEL SUR Y SUR - ORIENTE;FERROCARRIL TRANSANDINO S.A.;FERROCARRIL DE SUR ORIENTE;COCHES; 73,339 
2021;4;FERROCARRIL DEL SUR Y SUR - ORIENTE;FERROCARRIL TRANSANDINO S.A.;FERROCARRIL DE SUR ORIENTE;LOCOMOTORAS; 24,843 
2021;4;FERROCARRIL DEL SUR Y SUR - ORIENTE;FERROCARRIL TRANSANDINO S.A.;FERROCARRIL DE SUR ORIENTE;VAGONES; 14,360 
2021;4;FERROCARRIL DEL SUR Y SUR - ORIENTE;FERROCARRIL TRANSANDINO S.A.;FERROCARRIL DE SUR ORIENTE;VAGONES DE TRABAJO; 1,957 
2021;4;FERROCARRIL DEL SUR Y SUR - ORIENTE;FERROVÍAS CENTRAL ANDINA S.A.  ;FERROCARRIL DEL CENTRO;VAGONES DE TRABAJO; 790 
2021;4;FERROCARRIL DEL SUR Y SUR - ORIENTE;FERROCARRIL TRANSANDINO S.A.;FERROCARRIL DEL SUR;AUTOVAGONES; -   
2021;4;FERROCARRIL DEL SUR Y SUR - ORIENTE;FERROCARRIL TRANSANDINO S.A.;FERROCARRIL DEL SUR;COCHES; 12,260 
2021;4;FERROCARRIL DEL SUR Y SUR - ORIENTE;FERROCARRIL TRANSANDINO S.A.;FERROCARRIL DEL SUR;LOCOMOTORAS; 190,881 
2021;4;FERROCARRIL DEL SUR Y SUR - ORIENTE;FERROCARRIL TRANSANDINO S.A.;FERROCARRIL DEL SUR;VAGONES; 1,773,792 
2021;4;FERROCARRIL DEL SUR Y SUR - ORIENTE;FERROCARRIL TRANSANDINO S.A.;FERROCARRIL DEL SUR;VAGONES DE TRABAJO; 13,125 
2021;5;FERROCARRIL DEL SUR Y SUR - ORIENTE;FERROCARRIL TRANSANDINO S.A.;FERROCARRIL DE SUR ORIENTE;AUTOVAGONES; 12,832 
2021;5;FERROCARRIL DEL SUR Y SUR - ORIENTE;FERROCARRIL TRANSANDINO S.A.;FERROCARRIL DE SUR ORIENTE;COCHES; 114,430 
2021;5;FERROCARRIL DEL SUR Y SUR - ORIENTE;FERROCARRIL TRANSANDINO S.A.;FERROCARRIL DE SUR ORIENTE;LOCOMOTORAS; 40,292 
2021;5;FERROCARRIL DEL SUR Y SUR - ORIENTE;FERROCARRIL TRANSANDINO S.A.;FERROCARRIL DE SUR ORIENTE;VAGONES; 16,771 
2021;5;FERROCARRIL DEL SUR Y SUR - ORIENTE;FERROCARRIL TRANSANDINO S.A.;FERROCARRIL DE SUR ORIENTE;VAGONES DE TRABAJO; 2,886 
2021;5;FERROCARRIL DEL SUR Y SUR - ORIENTE;FERROVÍAS CENTRAL ANDINA S.A.  ;FERROCARRIL DEL CENTRO;VAGONES DE TRABAJO; -   
2021;5;FERROCARRIL DEL SUR Y SUR - ORIENTE;FERROCARRIL TRANSANDINO S.A.;FERROCARRIL DEL SUR;AUTOVAGONES; -   
2021;5;FERROCARRIL DEL SUR Y SUR - ORIENTE;FERROCARRIL TRANSANDINO S.A.;FERROCARRIL DEL SUR;COCHES; 12,260 
2021;5;FERROCARRIL DEL SUR Y SUR - ORIENTE;FERROCARRIL TRANSANDINO S.A.;FERROCARRIL DEL SUR;LOCOMOTORAS; 222,626 
2021;5;FERROCARRIL DEL SUR Y SUR - ORIENTE;FERROCARRIL TRANSANDINO S.A.;FERROCARRIL DEL SUR;VAGONES; 2,019,665 
2021;5;FERROCARRIL DEL SUR Y SUR - ORIENTE;FERROCARRIL TRANSANDINO S.A.;FERROCARRIL DEL SUR;VAGONES DE TRABAJO; 9,002 
2021;6;FERROCARRIL DEL SUR Y SUR - ORIENTE;FERROCARRIL TRANSANDINO S.A.;FERROCARRIL DE SUR ORIENTE;AUTOVAGONES; 18,401 
2021;6;FERROCARRIL DEL SUR Y SUR - ORIENTE;FERROCARRIL TRANSANDINO S.A.;FERROCARRIL DE SUR ORIENTE;COCHES; 133,776 
2021;6;FERROCARRIL DEL SUR Y SUR - ORIENTE;FERROCARRIL TRANSANDINO S.A.;FERROCARRIL DE SUR ORIENTE;LOCOMOTORAS; 43,960 
2021;6;FERROCARRIL DEL SUR Y SUR - ORIENTE;FERROCARRIL TRANSANDINO S.A.;FERROCARRIL DE SUR ORIENTE;VAGONES; 16,320 
2021;6;FERROCARRIL DEL SUR Y SUR - ORIENTE;FERROCARRIL TRANSANDINO S.A.;FERROCARRIL DE SUR ORIENTE;VAGONES DE TRABAJO; 2,227 
2021;6;FERROCARRIL DEL SUR Y SUR - ORIENTE;FERROVÍAS CENTRAL ANDINA S.A.  ;FERROCARRIL DEL CENTRO;VAGONES DE TRABAJO; 1,157 
2021;6;FERROCARRIL DEL SUR Y SUR - ORIENTE;FERROCARRIL TRANSANDINO S.A.;FERROCARRIL DEL SUR;AUTOVAGONES; -   
2021;6;FERROCARRIL DEL SUR Y SUR - ORIENTE;FERROCARRIL TRANSANDINO S.A.;FERROCARRIL DEL SUR;COCHES; 7,712 
2021;6;FERROCARRIL DEL SUR Y SUR - ORIENTE;FERROCARRIL TRANSANDINO S.A.;FERROCARRIL DEL SUR;LOCOMOTORAS; 188,149 
2021;6;FERROCARRIL DEL SUR Y SUR - ORIENTE;FERROCARRIL TRANSANDINO S.A.;FERROCARRIL DEL SUR;VAGONES; 1,723,390 
2021;6;FERROCARRIL DEL SUR Y SUR - ORIENTE;FERROCARRIL TRANSANDINO S.A.;FERROCARRIL DEL SUR;VAGONES DE TRABAJO; 17,137 
2021;7;FERROCARRIL DEL SUR Y SUR - ORIENTE;FERROCARRIL TRANSANDINO S.A.;FERROCARRIL DE SUR ORIENTE;AUTOVAGONES; 29,586 
2021;7;FERROCARRIL DEL SUR Y SUR - ORIENTE;FERROCARRIL TRANSANDINO S.A.;FERROCARRIL DE SUR ORIENTE;COCHES; 170,348 
2021;7;FERROCARRIL DEL SUR Y SUR - ORIENTE;FERROCARRIL TRANSANDINO S.A.;FERROCARRIL DE SUR ORIENTE;LOCOMOTORAS; 46,811 
2021;7;FERROCARRIL DEL SUR Y SUR - ORIENTE;FERROCARRIL TRANSANDINO S.A.;FERROCARRIL DE SUR ORIENTE;VAGONES;18770.8
2021;7;FERROCARRIL DEL SUR Y SUR - ORIENTE;FERROCARRIL TRANSANDINO S.A.;FERROCARRIL DE SUR ORIENTE;VAGONES DE TRABAJO; 1,757 
2021;7;FERROCARRIL DEL SUR Y SUR - ORIENTE;FERROVÍAS CENTRAL ANDINA S.A.  ;FERROCARRIL DEL CENTRO;VAGONES DE TRABAJO; 2,168 
2021;7;FERROCARRIL DEL SUR Y SUR - ORIENTE;FERROCARRIL TRANSANDINO S.A.;FERROCARRIL DEL SUR;AUTOVAGONES; -   
2021;7;FERROCARRIL DEL SUR Y SUR - ORIENTE;FERROCARRIL TRANSANDINO S.A.;FERROCARRIL DEL SUR;COCHES; -   
2021;7;FERROCARRIL DEL SUR Y SUR - ORIENTE;FERROCARRIL TRANSANDINO S.A.;FERROCARRIL DEL SUR;LOCOMOTORAS; 133,676 
2021;7;FERROCARRIL DEL SUR Y SUR - ORIENTE;FERROCARRIL TRANSANDINO S.A.;FERROCARRIL DEL SUR;VAGONES; 1,253,824 
2021;7;FERROCARRIL DEL SUR Y SUR - ORIENTE;FERROCARRIL TRANSANDINO S.A.;FERROCARRIL DEL SUR;VAGONES DE TRABAJO; 15,353 
2021;8;FERROCARRIL DEL SUR Y SUR - ORIENTE;FERROCARRIL TRANSANDINO S.A.;FERROCARRIL DE SUR ORIENTE;AUTOVAGONES; 23,064 
2021;8;FERROCARRIL DEL SUR Y SUR - ORIENTE;FERROCARRIL TRANSANDINO S.A.;FERROCARRIL DE SUR ORIENTE;COCHES; 202,332 
2021;8;FERROCARRIL DEL SUR Y SUR - ORIENTE;FERROCARRIL TRANSANDINO S.A.;FERROCARRIL DE SUR ORIENTE;LOCOMOTORAS; 50,499 
2021;8;FERROCARRIL DEL SUR Y SUR - ORIENTE;FERROCARRIL TRANSANDINO S.A.;FERROCARRIL DE SUR ORIENTE;VAGONES; 19,213 
2021;8;FERROCARRIL DEL SUR Y SUR - ORIENTE;FERROCARRIL TRANSANDINO S.A.;FERROCARRIL DE SUR ORIENTE;VAGONES DE TRABAJO; 1,413 
2021;8;FERROCARRIL DEL SUR Y SUR - ORIENTE;FERROVÍAS CENTRAL ANDINA S.A.  ;FERROCARRIL DEL CENTRO;VAGONES DE TRABAJO; -   
2021;8;FERROCARRIL DEL SUR Y SUR - ORIENTE;FERROCARRIL TRANSANDINO S.A.;FERROCARRIL DEL SUR;AUTOVAGONES; -   
2021;8;FERROCARRIL DEL SUR Y SUR - ORIENTE;FERROCARRIL TRANSANDINO S.A.;FERROCARRIL DEL SUR;COCHES; -   
2021;8;FERROCARRIL DEL SUR Y SUR - ORIENTE;FERROCARRIL TRANSANDINO S.A.;FERROCARRIL DEL SUR;LOCOMOTORAS; 177,391 
2021;8;FERROCARRIL DEL SUR Y SUR - ORIENTE;FERROCARRIL TRANSANDINO S.A.;FERROCARRIL DEL SUR;VAGONES; 1,644,428 
2021;8;FERROCARRIL DEL SUR Y SUR - ORIENTE;FERROCARRIL TRANSANDINO S.A.;FERROCARRIL DEL SUR;VAGONES DE TRABAJO; 10,904 
2021;9;FERROCARRIL DEL SUR Y SUR - ORIENTE;FERROCARRIL TRANSANDINO S.A.;FERROCARRIL DE SUR ORIENTE;AUTOVAGONES; 22,628 
2021;9;FERROCARRIL DEL SUR Y SUR - ORIENTE;FERROCARRIL TRANSANDINO S.A.;FERROCARRIL DE SUR ORIENTE;COCHES; 187,987 
2021;9;FERROCARRIL DEL SUR Y SUR - ORIENTE;FERROCARRIL TRANSANDINO S.A.;FERROCARRIL DE SUR ORIENTE;LOCOMOTORAS; 50,027 
2021;9;FERROCARRIL DEL SUR Y SUR - ORIENTE;FERROCARRIL TRANSANDINO S.A.;FERROCARRIL DE SUR ORIENTE;VAGONES; 19,193 
2021;9;FERROCARRIL DEL SUR Y SUR - ORIENTE;FERROCARRIL TRANSANDINO S.A.;FERROCARRIL DE SUR ORIENTE;VAGONES DE TRABAJO; 2,001 
2021;9;FERROCARRIL DEL SUR Y SUR - ORIENTE;FERROVÍAS CENTRAL ANDINA S.A.  ;FERROCARRIL DEL CENTRO;VAGONES DE TRABAJO; 1,573 
2021;9;FERROCARRIL DEL SUR Y SUR - ORIENTE;FERROCARRIL TRANSANDINO S.A.;FERROCARRIL DEL SUR;AUTOVAGONES; -   
2021;9;FERROCARRIL DEL SUR Y SUR - ORIENTE;FERROCARRIL TRANSANDINO S.A.;FERROCARRIL DEL SUR;COCHES; -   
2021;9;FERROCARRIL DEL SUR Y SUR - ORIENTE;FERROCARRIL TRANSANDINO S.A.;FERROCARRIL DEL SUR;LOCOMOTORAS; 120,057 
2021;9;FERROCARRIL DEL SUR Y SUR - ORIENTE;FERROCARRIL TRANSANDINO S.A.;FERROCARRIL DEL SUR;VAGONES; 1,141,665 
2021;9;FERROCARRIL DEL SUR Y SUR - ORIENTE;FERROCARRIL TRANSANDINO S.A.;FERROCARRIL DEL SUR;VAGONES DE TRABAJO; 4,424 
2021;10;FERROCARRIL DEL SUR Y SUR - ORIENTE;FERROCARRIL TRANSANDINO S.A.;FERROCARRIL DE SUR ORIENTE;AUTOVAGONES; 29,456 
2021;10;FERROCARRIL DEL SUR Y SUR - ORIENTE;FERROCARRIL TRANSANDINO S.A.;FERROCARRIL DE SUR ORIENTE;COCHES; 203,195 
2021;10;FERROCARRIL DEL SUR Y SUR - ORIENTE;FERROCARRIL TRANSANDINO S.A.;FERROCARRIL DE SUR ORIENTE;LOCOMOTORAS; 52,807 
2021;10;FERROCARRIL DEL SUR Y SUR - ORIENTE;FERROCARRIL TRANSANDINO S.A.;FERROCARRIL DE SUR ORIENTE;VAGONES; 20,211 
2021;10;FERROCARRIL DEL SUR Y SUR - ORIENTE;FERROCARRIL TRANSANDINO S.A.;FERROCARRIL DE SUR ORIENTE;VAGONES DE TRABAJO; 2,915 
2021;10;FERROCARRIL DEL SUR Y SUR - ORIENTE;FERROVÍAS CENTRAL ANDINA S.A.  ;FERROCARRIL DEL CENTRO;VAGONES DE TRABAJO; 424 
2021;10;FERROCARRIL DEL SUR Y SUR - ORIENTE;FERROCARRIL TRANSANDINO S.A.;FERROCARRIL DEL SUR;AUTOVAGONES; -   
2021;10;FERROCARRIL DEL SUR Y SUR - ORIENTE;FERROCARRIL TRANSANDINO S.A.;FERROCARRIL DEL SUR;COCHES; 1,973 
2021;10;FERROCARRIL DEL SUR Y SUR - ORIENTE;FERROCARRIL TRANSANDINO S.A.;FERROCARRIL DEL SUR;LOCOMOTORAS; 149,105 
2021;10;FERROCARRIL DEL SUR Y SUR - ORIENTE;FERROCARRIL TRANSANDINO S.A.;FERROCARRIL DEL SUR;VAGONES; 1,383,416 
2021;10;FERROCARRIL DEL SUR Y SUR - ORIENTE;FERROCARRIL TRANSANDINO S.A.;FERROCARRIL DEL SUR;VAGONES DE TRABAJO; 4,710 
2021;11;FERROCARRIL DEL SUR Y SUR - ORIENTE;FERROCARRIL TRANSANDINO S.A.;FERROCARRIL DE SUR ORIENTE;AUTOVAGONES; 23,545 
2021;11;FERROCARRIL DEL SUR Y SUR - ORIENTE;FERROCARRIL TRANSANDINO S.A.;FERROCARRIL DE SUR ORIENTE;COCHES; 191,357 
2021;11;FERROCARRIL DEL SUR Y SUR - ORIENTE;FERROCARRIL TRANSANDINO S.A.;FERROCARRIL DE SUR ORIENTE;LOCOMOTORAS; 50,817 
2021;11;FERROCARRIL DEL SUR Y SUR - ORIENTE;FERROCARRIL TRANSANDINO S.A.;FERROCARRIL DE SUR ORIENTE;VAGONES; 18,132 
2021;11;FERROCARRIL DEL SUR Y SUR - ORIENTE;FERROCARRIL TRANSANDINO S.A.;FERROCARRIL DE SUR ORIENTE;VAGONES DE TRABAJO; 1,883 
2021;11;FERROCARRIL DEL SUR Y SUR - ORIENTE;FERROVÍAS CENTRAL ANDINA S.A.  ;FERROCARRIL DEL CENTRO;VAGONES DE TRABAJO; 246 
2021;11;FERROCARRIL DEL SUR Y SUR - ORIENTE;FERROCARRIL TRANSANDINO S.A.;FERROCARRIL DEL SUR;AUTOVAGONES; -   
2021;11;FERROCARRIL DEL SUR Y SUR - ORIENTE;FERROCARRIL TRANSANDINO S.A.;FERROCARRIL DEL SUR;COCHES; 2,309 
2021;11;FERROCARRIL DEL SUR Y SUR - ORIENTE;FERROCARRIL TRANSANDINO S.A.;FERROCARRIL DEL SUR;LOCOMOTORAS; 147,293 
2021;11;FERROCARRIL DEL SUR Y SUR - ORIENTE;FERROCARRIL TRANSANDINO S.A.;FERROCARRIL DEL SUR;VAGONES; 1,383,134 
2021;11;FERROCARRIL DEL SUR Y SUR - ORIENTE;FERROCARRIL TRANSANDINO S.A.;FERROCARRIL DEL SUR;VAGONES DE TRABAJO; 5,862 
2021;12;FERROCARRIL DEL SUR Y SUR - ORIENTE;FERROCARRIL TRANSANDINO S.A.;FERROCARRIL DE SUR ORIENTE;AUTOVAGONES; 22,901 
2021;12;FERROCARRIL DEL SUR Y SUR - ORIENTE;FERROCARRIL TRANSANDINO S.A.;FERROCARRIL DE SUR ORIENTE;COCHES; 183,741 
2021;12;FERROCARRIL DEL SUR Y SUR - ORIENTE;FERROCARRIL TRANSANDINO S.A.;FERROCARRIL DE SUR ORIENTE;LOCOMOTORAS; 49,643 
2021;12;FERROCARRIL DEL SUR Y SUR - ORIENTE;FERROCARRIL TRANSANDINO S.A.;FERROCARRIL DE SUR ORIENTE;VAGONES; 18,668 
2021;12;FERROCARRIL DEL SUR Y SUR - ORIENTE;FERROCARRIL TRANSANDINO S.A.;FERROCARRIL DE SUR ORIENTE;VAGONES DE TRABAJO; 1,969 
2021;12;FERROCARRIL DEL SUR Y SUR - ORIENTE;FERROVÍAS CENTRAL ANDINA S.A.  ;FERROCARRIL DEL CENTRO;VAGONES DE TRABAJO; 1,422 
2021;12;FERROCARRIL DEL SUR Y SUR - ORIENTE;FERROCARRIL TRANSANDINO S.A.;FERROCARRIL DEL SUR;AUTOVAGONES; -   
2021;12;FERROCARRIL DEL SUR Y SUR - ORIENTE;FERROCARRIL TRANSANDINO S.A.;FERROCARRIL DEL SUR;COCHES; 8,172 
2021;12;FERROCARRIL DEL SUR Y SUR - ORIENTE;FERROCARRIL TRANSANDINO S.A.;FERROCARRIL DEL SUR;LOCOMOTORAS; 74,238 
2021;12;FERROCARRIL DEL SUR Y SUR - ORIENTE;FERROCARRIL TRANSANDINO S.A.;FERROCARRIL DEL SUR;VAGONES; 713,261 
2021;12;FERROCARRIL DEL SUR Y SUR - ORIENTE;FERROCARRIL TRANSANDINO S.A.;FERROCARRIL DEL SUR;VAGONES DE TRABAJO; 5,407 
2022;1;FERROCARRIL DEL SUR Y SUR - ORIENTE;FERROCARRIL TRANSANDINO S.A.;FERROCARRIL DE SUR ORIENTE;AUTOVAGONES; 25,681 
2022;1;FERROCARRIL DEL SUR Y SUR - ORIENTE;FERROCARRIL TRANSANDINO S.A.;FERROCARRIL DE SUR ORIENTE;COCHES; 115,620 
2022;1;FERROCARRIL DEL SUR Y SUR - ORIENTE;FERROCARRIL TRANSANDINO S.A.;FERROCARRIL DE SUR ORIENTE;LOCOMOTORAS; 33,905 
2022;1;FERROCARRIL DEL SUR Y SUR - ORIENTE;FERROCARRIL TRANSANDINO S.A.;FERROCARRIL DE SUR ORIENTE;VAGONES; 16,412 
2022;1;FERROCARRIL DEL SUR Y SUR - ORIENTE;FERROCARRIL TRANSANDINO S.A.;FERROCARRIL DE SUR ORIENTE;VAGONES DE TRABAJO; 3,193 
2022;1;FERROCARRIL DEL SUR Y SUR - ORIENTE;FERROVÍAS CENTRAL ANDINA S.A.  ;FERROCARRIL DEL CENTRO;VAGONES DE TRABAJO; 13,874 
2022;1;FERROCARRIL DEL SUR Y SUR - ORIENTE;FERROCARRIL TRANSANDINO S.A.;FERROCARRIL DEL SUR;AUTOVAGONES; -   
2022;1;FERROCARRIL DEL SUR Y SUR - ORIENTE;FERROCARRIL TRANSANDINO S.A.;FERROCARRIL DEL SUR;COCHES; 24,980 
2022;1;FERROCARRIL DEL SUR Y SUR - ORIENTE;FERROCARRIL TRANSANDINO S.A.;FERROCARRIL DEL SUR;LOCOMOTORAS; 164,656 
2022;1;FERROCARRIL DEL SUR Y SUR - ORIENTE;FERROCARRIL TRANSANDINO S.A.;FERROCARRIL DEL SUR;VAGONES; 1,523,428 
2022;1;FERROCARRIL DEL SUR Y SUR - ORIENTE;FERROCARRIL TRANSANDINO S.A.;FERROCARRIL DEL SUR;VAGONES DE TRABAJO; 4,455 
2022;2;FERROCARRIL DEL SUR Y SUR - ORIENTE;FERROCARRIL TRANSANDINO S.A.;FERROCARRIL DE SUR ORIENTE;AUTOVAGONES; 23,325 
2022;2;FERROCARRIL DEL SUR Y SUR - ORIENTE;FERROCARRIL TRANSANDINO S.A.;FERROCARRIL DE SUR ORIENTE;COCHES; 114,630 
2022;2;FERROCARRIL DEL SUR Y SUR - ORIENTE;FERROCARRIL TRANSANDINO S.A.;FERROCARRIL DE SUR ORIENTE;LOCOMOTORAS; 35,732 
2022;2;FERROCARRIL DEL SUR Y SUR - ORIENTE;FERROCARRIL TRANSANDINO S.A.;FERROCARRIL DE SUR ORIENTE;VAGONES; 15,535 
2022;2;FERROCARRIL DEL SUR Y SUR - ORIENTE;FERROCARRIL TRANSANDINO S.A.;FERROCARRIL DE SUR ORIENTE;VAGONES DE TRABAJO; 1,610 
2022;2;FERROCARRIL DEL SUR Y SUR - ORIENTE;FERROVÍAS CENTRAL ANDINA S.A.  ;FERROCARRIL DEL CENTRO;VAGONES DE TRABAJO; 2,183 
2022;2;FERROCARRIL DEL SUR Y SUR - ORIENTE;FERROCARRIL TRANSANDINO S.A.;FERROCARRIL DEL SUR;AUTOVAGONES; -   
2022;2;FERROCARRIL DEL SUR Y SUR - ORIENTE;FERROCARRIL TRANSANDINO S.A.;FERROCARRIL DEL SUR;COCHES; -   
2022;2;FERROCARRIL DEL SUR Y SUR - ORIENTE;FERROCARRIL TRANSANDINO S.A.;FERROCARRIL DEL SUR;LOCOMOTORAS; 102,200 
2022;2;FERROCARRIL DEL SUR Y SUR - ORIENTE;FERROCARRIL TRANSANDINO S.A.;FERROCARRIL DEL SUR;VAGONES; 977,025 
2022;2;FERROCARRIL DEL SUR Y SUR - ORIENTE;FERROCARRIL TRANSANDINO S.A.;FERROCARRIL DEL SUR;VAGONES DE TRABAJO; 3,130 
2022;3;FERROCARRIL DEL SUR Y SUR - ORIENTE;FERROCARRIL TRANSANDINO S.A.;FERROCARRIL DE SUR ORIENTE;AUTOVAGONES; 32,903 
2022;3;FERROCARRIL DEL SUR Y SUR - ORIENTE;FERROCARRIL TRANSANDINO S.A.;FERROCARRIL DE SUR ORIENTE;COCHES; 151,799 
2022;3;FERROCARRIL DEL SUR Y SUR - ORIENTE;FERROCARRIL TRANSANDINO S.A.;FERROCARRIL DE SUR ORIENTE;LOCOMOTORAS; 40,421 
2022;3;FERROCARRIL DEL SUR Y SUR - ORIENTE;FERROCARRIL TRANSANDINO S.A.;FERROCARRIL DE SUR ORIENTE;VAGONES; 20,353 
2022;3;FERROCARRIL DEL SUR Y SUR - ORIENTE;FERROCARRIL TRANSANDINO S.A.;FERROCARRIL DE SUR ORIENTE;VAGONES DE TRABAJO; 2,112 
2022;3;FERROCARRIL DEL SUR Y SUR - ORIENTE;FERROVÍAS CENTRAL ANDINA S.A.  ;FERROCARRIL DEL CENTRO;VAGONES DE TRABAJO; 209 
2022;3;FERROCARRIL DEL SUR Y SUR - ORIENTE;FERROCARRIL TRANSANDINO S.A.;FERROCARRIL DEL SUR;AUTOVAGONES; -   
2022;3;FERROCARRIL DEL SUR Y SUR - ORIENTE;FERROCARRIL TRANSANDINO S.A.;FERROCARRIL DEL SUR;COCHES; 53,149 
2022;3;FERROCARRIL DEL SUR Y SUR - ORIENTE;FERROCARRIL TRANSANDINO S.A.;FERROCARRIL DEL SUR;LOCOMOTORAS; 122,222 
2022;3;FERROCARRIL DEL SUR Y SUR - ORIENTE;FERROCARRIL TRANSANDINO S.A.;FERROCARRIL DEL SUR;VAGONES; 1,066,054 
2022;3;FERROCARRIL DEL SUR Y SUR - ORIENTE;FERROCARRIL TRANSANDINO S.A.;FERROCARRIL DEL SUR;VAGONES DE TRABAJO; 4,537 
2022;4;FERROCARRIL DEL SUR Y SUR - ORIENTE;FERROCARRIL TRANSANDINO S.A.;FERROCARRIL DE SUR ORIENTE;AUTOVAGONES; 59,057 
2022;4;FERROCARRIL DEL SUR Y SUR - ORIENTE;FERROCARRIL TRANSANDINO S.A.;FERROCARRIL DE SUR ORIENTE;COCHES; 157,807 
2022;4;FERROCARRIL DEL SUR Y SUR - ORIENTE;FERROCARRIL TRANSANDINO S.A.;FERROCARRIL DE SUR ORIENTE;LOCOMOTORAS; 39,481 
2022;4;FERROCARRIL DEL SUR Y SUR - ORIENTE;FERROCARRIL TRANSANDINO S.A.;FERROCARRIL DE SUR ORIENTE;VAGONES; 19,469 
2022;4;FERROCARRIL DEL SUR Y SUR - ORIENTE;FERROCARRIL TRANSANDINO S.A.;FERROCARRIL DE SUR ORIENTE;VAGONES DE TRABAJO; 1,646 
2022;4;FERROCARRIL DEL SUR Y SUR - ORIENTE;FERROVÍAS CENTRAL ANDINA S.A.  ;FERROCARRIL DEL CENTRO;VAGONES DE TRABAJO; 2,086 
2022;4;FERROCARRIL DEL SUR Y SUR - ORIENTE;FERROCARRIL TRANSANDINO S.A.;FERROCARRIL DEL SUR;AUTOVAGONES; -   
2022;4;FERROCARRIL DEL SUR Y SUR - ORIENTE;FERROCARRIL TRANSANDINO S.A.;FERROCARRIL DEL SUR;COCHES; 104,977 
2022;4;FERROCARRIL DEL SUR Y SUR - ORIENTE;FERROCARRIL TRANSANDINO S.A.;FERROCARRIL DEL SUR;LOCOMOTORAS; 136,662 
2022;4;FERROCARRIL DEL SUR Y SUR - ORIENTE;FERROCARRIL TRANSANDINO S.A.;FERROCARRIL DEL SUR;VAGONES; 1,199,315 
2022;4;FERROCARRIL DEL SUR Y SUR - ORIENTE;FERROCARRIL TRANSANDINO S.A.;FERROCARRIL DEL SUR;VAGONES DE TRABAJO; 3,799 
2022;5;FERROCARRIL DEL SUR Y SUR - ORIENTE;FERROCARRIL TRANSANDINO S.A.;FERROCARRIL DE SUR ORIENTE;AUTOVAGONES; 63,303 
2022;5;FERROCARRIL DEL SUR Y SUR - ORIENTE;FERROCARRIL TRANSANDINO S.A.;FERROCARRIL DE SUR ORIENTE;COCHES; 230,280 
2022;5;FERROCARRIL DEL SUR Y SUR - ORIENTE;FERROCARRIL TRANSANDINO S.A.;FERROCARRIL DE SUR ORIENTE;LOCOMOTORAS; 54,738 
2022;5;FERROCARRIL DEL SUR Y SUR - ORIENTE;FERROCARRIL TRANSANDINO S.A.;FERROCARRIL DE SUR ORIENTE;VAGONES; 21,048 
2022;5;FERROCARRIL DEL SUR Y SUR - ORIENTE;FERROCARRIL TRANSANDINO S.A.;FERROCARRIL DE SUR ORIENTE;VAGONES DE TRABAJO; 2,322 
2022;5;FERROCARRIL DEL SUR Y SUR - ORIENTE;FERROVÍAS CENTRAL ANDINA S.A.  ;FERROCARRIL DEL CENTRO;VAGONES DE TRABAJO; 409 
2022;5;FERROCARRIL DEL SUR Y SUR - ORIENTE;FERROCARRIL TRANSANDINO S.A.;FERROCARRIL DEL SUR;AUTOVAGONES; -   
2022;5;FERROCARRIL DEL SUR Y SUR - ORIENTE;FERROCARRIL TRANSANDINO S.A.;FERROCARRIL DEL SUR;COCHES; 217,623 
2022;5;FERROCARRIL DEL SUR Y SUR - ORIENTE;FERROCARRIL TRANSANDINO S.A.;FERROCARRIL DEL SUR;LOCOMOTORAS; 64,142 
2022;5;FERROCARRIL DEL SUR Y SUR - ORIENTE;FERROCARRIL TRANSANDINO S.A.;FERROCARRIL DEL SUR;VAGONES; 388,879 
2022;5;FERROCARRIL DEL SUR Y SUR - ORIENTE;FERROCARRIL TRANSANDINO S.A.;FERROCARRIL DEL SUR;VAGONES DE TRABAJO; 4,233 
2022;6;FERROCARRIL DEL SUR Y SUR - ORIENTE;FERROCARRIL TRANSANDINO S.A.;FERROCARRIL DE SUR ORIENTE;AUTOVAGONES; 70,085 
2022;6;FERROCARRIL DEL SUR Y SUR - ORIENTE;FERROCARRIL TRANSANDINO S.A.;FERROCARRIL DE SUR ORIENTE;COCHES; 223,505 
2022;6;FERROCARRIL DEL SUR Y SUR - ORIENTE;FERROCARRIL TRANSANDINO S.A.;FERROCARRIL DE SUR ORIENTE;LOCOMOTORAS; 52,391 
2022;6;FERROCARRIL DEL SUR Y SUR - ORIENTE;FERROCARRIL TRANSANDINO S.A.;FERROCARRIL DE SUR ORIENTE;VAGONES; 22,348 
2022;6;FERROCARRIL DEL SUR Y SUR - ORIENTE;FERROCARRIL TRANSANDINO S.A.;FERROCARRIL DE SUR ORIENTE;VAGONES DE TRABAJO; 1,803 
2022;6;FERROCARRIL DEL SUR Y SUR - ORIENTE;FERROVÍAS CENTRAL ANDINA S.A.  ;FERROCARRIL DEL CENTRO;VAGONES DE TRABAJO; 1,872 
2022;6;FERROCARRIL DEL SUR Y SUR - ORIENTE;FERROCARRIL TRANSANDINO S.A.;FERROCARRIL DEL SUR;AUTOVAGONES; -   
2022;6;FERROCARRIL DEL SUR Y SUR - ORIENTE;FERROCARRIL TRANSANDINO S.A.;FERROCARRIL DEL SUR;COCHES; 180,673 
2022;6;FERROCARRIL DEL SUR Y SUR - ORIENTE;FERROCARRIL TRANSANDINO S.A.;FERROCARRIL DEL SUR;LOCOMOTORAS; 164,459 
2022;6;FERROCARRIL DEL SUR Y SUR - ORIENTE;FERROCARRIL TRANSANDINO S.A.;FERROCARRIL DEL SUR;VAGONES; 1,350,430 
2022;6;FERROCARRIL DEL SUR Y SUR - ORIENTE;FERROCARRIL TRANSANDINO S.A.;FERROCARRIL DEL SUR;VAGONES DE TRABAJO; 11,994 
2022;7;FERROCARRIL DEL SUR Y SUR - ORIENTE;FERROCARRIL TRANSANDINO S.A.;FERROCARRIL DE SUR ORIENTE;AUTOVAGONES; 88,310 
2022;7;FERROCARRIL DEL SUR Y SUR - ORIENTE;FERROCARRIL TRANSANDINO S.A.;FERROCARRIL DE SUR ORIENTE;COCHES; 248,026 
2022;7;FERROCARRIL DEL SUR Y SUR - ORIENTE;FERROCARRIL TRANSANDINO S.A.;FERROCARRIL DE SUR ORIENTE;LOCOMOTORAS; 56,167 
2022;7;FERROCARRIL DEL SUR Y SUR - ORIENTE;FERROCARRIL TRANSANDINO S.A.;FERROCARRIL DE SUR ORIENTE;VAGONES; 24,600 
2022;7;FERROCARRIL DEL SUR Y SUR - ORIENTE;FERROCARRIL TRANSANDINO S.A.;FERROCARRIL DE SUR ORIENTE;VAGONES DE TRABAJO; 2,132 
2022;7;FERROCARRIL DEL SUR Y SUR - ORIENTE;FERROVÍAS CENTRAL ANDINA S.A.  ;FERROCARRIL DEL CENTRO;VAGONES DE TRABAJO; 1,780 
2022;7;FERROCARRIL DEL SUR Y SUR - ORIENTE;FERROCARRIL TRANSANDINO S.A.;FERROCARRIL DEL SUR;AUTOVAGONES; -   
2022;7;FERROCARRIL DEL SUR Y SUR - ORIENTE;FERROCARRIL TRANSANDINO S.A.;FERROCARRIL DEL SUR;COCHES; 191,383 
2022;7;FERROCARRIL DEL SUR Y SUR - ORIENTE;FERROCARRIL TRANSANDINO S.A.;FERROCARRIL DEL SUR;LOCOMOTORAS; 220,271 
2022;7;FERROCARRIL DEL SUR Y SUR - ORIENTE;FERROCARRIL TRANSANDINO S.A.;FERROCARRIL DEL SUR;VAGONES; 1,836,148 
2022;7;FERROCARRIL DEL SUR Y SUR - ORIENTE;FERROCARRIL TRANSANDINO S.A.;FERROCARRIL DEL SUR;VAGONES DE TRABAJO; 14,170 
2022;8;FERROCARRIL DEL SUR Y SUR - ORIENTE;FERROCARRIL TRANSANDINO S.A.;FERROCARRIL DE SUR ORIENTE;AUTOVAGONES; 100,662 
2022;8;FERROCARRIL DEL SUR Y SUR - ORIENTE;FERROCARRIL TRANSANDINO S.A.;FERROCARRIL DE SUR ORIENTE;COCHES; 248,420 
2022;8;FERROCARRIL DEL SUR Y SUR - ORIENTE;FERROCARRIL TRANSANDINO S.A.;FERROCARRIL DE SUR ORIENTE;LOCOMOTORAS; 55,620 
2022;8;FERROCARRIL DEL SUR Y SUR - ORIENTE;FERROCARRIL TRANSANDINO S.A.;FERROCARRIL DE SUR ORIENTE;VAGONES; 25,756 
2022;8;FERROCARRIL DEL SUR Y SUR - ORIENTE;FERROCARRIL TRANSANDINO S.A.;FERROCARRIL DE SUR ORIENTE;VAGONES DE TRABAJO; 2,985 
2022;8;FERROCARRIL DEL SUR Y SUR - ORIENTE;FERROVÍAS CENTRAL ANDINA S.A.  ;FERROCARRIL DEL CENTRO;VAGONES DE TRABAJO; 2,092 
2022;8;FERROCARRIL DEL SUR Y SUR - ORIENTE;FERROCARRIL TRANSANDINO S.A.;FERROCARRIL DEL SUR;AUTOVAGONES; -   
2022;8;FERROCARRIL DEL SUR Y SUR - ORIENTE;FERROCARRIL TRANSANDINO S.A.;FERROCARRIL DEL SUR;COCHES; 193,088 
2022;8;FERROCARRIL DEL SUR Y SUR - ORIENTE;FERROCARRIL TRANSANDINO S.A.;FERROCARRIL DEL SUR;LOCOMOTORAS; 184,239 
2022;8;FERROCARRIL DEL SUR Y SUR - ORIENTE;FERROCARRIL TRANSANDINO S.A.;FERROCARRIL DEL SUR;VAGONES; 1,533,450 
2022;8;FERROCARRIL DEL SUR Y SUR - ORIENTE;FERROCARRIL TRANSANDINO S.A.;FERROCARRIL DEL SUR;VAGONES DE TRABAJO; 7,015 
2022;9;FERROCARRIL DEL SUR Y SUR - ORIENTE;FERROCARRIL TRANSANDINO S.A.;FERROCARRIL DE SUR ORIENTE;AUTOVAGONES; 79,926 
2022;9;FERROCARRIL DEL SUR Y SUR - ORIENTE;FERROCARRIL TRANSANDINO S.A.;FERROCARRIL DE SUR ORIENTE;COCHES; 241,847 
2022;9;FERROCARRIL DEL SUR Y SUR - ORIENTE;FERROCARRIL TRANSANDINO S.A.;FERROCARRIL DE SUR ORIENTE;LOCOMOTORAS; 56,296 
2022;9;FERROCARRIL DEL SUR Y SUR - ORIENTE;FERROCARRIL TRANSANDINO S.A.;FERROCARRIL DE SUR ORIENTE;VAGONES; 25,055 
2022;9;FERROCARRIL DEL SUR Y SUR - ORIENTE;FERROCARRIL TRANSANDINO S.A.;FERROCARRIL DE SUR ORIENTE;VAGONES DE TRABAJO; 5,304 
2022;9;FERROCARRIL DEL SUR Y SUR - ORIENTE;FERROVÍAS CENTRAL ANDINA S.A.  ;FERROCARRIL DEL CENTRO;VAGONES DE TRABAJO; 567 
2022;9;FERROCARRIL DEL SUR Y SUR - ORIENTE;FERROCARRIL TRANSANDINO S.A.;FERROCARRIL DEL SUR;AUTOVAGONES; -   
2022;9;FERROCARRIL DEL SUR Y SUR - ORIENTE;FERROCARRIL TRANSANDINO S.A.;FERROCARRIL DEL SUR;COCHES; 206,472 
2022;9;FERROCARRIL DEL SUR Y SUR - ORIENTE;FERROCARRIL TRANSANDINO S.A.;FERROCARRIL DEL SUR;LOCOMOTORAS; 189,896 
2022;9;FERROCARRIL DEL SUR Y SUR - ORIENTE;FERROCARRIL TRANSANDINO S.A.;FERROCARRIL DEL SUR;VAGONES; 1,508,004 
2022;9;FERROCARRIL DEL SUR Y SUR - ORIENTE;FERROCARRIL TRANSANDINO S.A.;FERROCARRIL DEL SUR;VAGONES DE TRABAJO; 6,710 
2022;10;FERROCARRIL DEL SUR Y SUR - ORIENTE;FERROCARRIL TRANSANDINO S.A.;FERROCARRIL DE SUR ORIENTE;AUTOVAGONES; 80,898 
2022;10;FERROCARRIL DEL SUR Y SUR - ORIENTE;FERROCARRIL TRANSANDINO S.A.;FERROCARRIL DE SUR ORIENTE;COCHES; 257,235 
2022;10;FERROCARRIL DEL SUR Y SUR - ORIENTE;FERROCARRIL TRANSANDINO S.A.;FERROCARRIL DE SUR ORIENTE;LOCOMOTORAS; 63,162 
2022;10;FERROCARRIL DEL SUR Y SUR - ORIENTE;FERROCARRIL TRANSANDINO S.A.;FERROCARRIL DE SUR ORIENTE;VAGONES; 23,974 
2022;10;FERROCARRIL DEL SUR Y SUR - ORIENTE;FERROCARRIL TRANSANDINO S.A.;FERROCARRIL DE SUR ORIENTE;VAGONES DE TRABAJO; 3,952 
2022;10;FERROCARRIL DEL SUR Y SUR - ORIENTE;FERROVÍAS CENTRAL ANDINA S.A.  ;FERROCARRIL DEL CENTRO;VAGONES DE TRABAJO; 1,827 
2022;10;FERROCARRIL DEL SUR Y SUR - ORIENTE;FERROCARRIL TRANSANDINO S.A.;FERROCARRIL DEL SUR;AUTOVAGONES; -   
2022;10;FERROCARRIL DEL SUR Y SUR - ORIENTE;FERROCARRIL TRANSANDINO S.A.;FERROCARRIL DEL SUR;COCHES; 247,313 
2022;10;FERROCARRIL DEL SUR Y SUR - ORIENTE;FERROCARRIL TRANSANDINO S.A.;FERROCARRIL DEL SUR;LOCOMOTORAS; 154,237 
2022;10;FERROCARRIL DEL SUR Y SUR - ORIENTE;FERROCARRIL TRANSANDINO S.A.;FERROCARRIL DEL SUR;VAGONES; 1,190,033 
2022;10;FERROCARRIL DEL SUR Y SUR - ORIENTE;FERROCARRIL TRANSANDINO S.A.;FERROCARRIL DEL SUR;VAGONES DE TRABAJO; 2,196 
2022;11;FERROCARRIL DEL SUR Y SUR - ORIENTE;FERROCARRIL TRANSANDINO S.A.;FERROCARRIL DE SUR ORIENTE;AUTOVAGONES; 65,002 
2022;11;FERROCARRIL DEL SUR Y SUR - ORIENTE;FERROCARRIL TRANSANDINO S.A.;FERROCARRIL DE SUR ORIENTE;COCHES; 219,083 
2022;11;FERROCARRIL DEL SUR Y SUR - ORIENTE;FERROCARRIL TRANSANDINO S.A.;FERROCARRIL DE SUR ORIENTE;LOCOMOTORAS; 52,971 
2022;11;FERROCARRIL DEL SUR Y SUR - ORIENTE;FERROCARRIL TRANSANDINO S.A.;FERROCARRIL DE SUR ORIENTE;VAGONES; 21,579 
2022;11;FERROCARRIL DEL SUR Y SUR - ORIENTE;FERROCARRIL TRANSANDINO S.A.;FERROCARRIL DE SUR ORIENTE;VAGONES DE TRABAJO; 2,451 
2022;11;FERROCARRIL DEL SUR Y SUR - ORIENTE;FERROVÍAS CENTRAL ANDINA S.A.  ;FERROCARRIL DEL CENTRO;VAGONES DE TRABAJO; 2,782 
2022;11;FERROCARRIL DEL SUR Y SUR - ORIENTE;FERROCARRIL TRANSANDINO S.A.;FERROCARRIL DEL SUR;AUTOVAGONES; -   
2022;11;FERROCARRIL DEL SUR Y SUR - ORIENTE;FERROCARRIL TRANSANDINO S.A.;FERROCARRIL DEL SUR;COCHES; 149,808 
2022;11;FERROCARRIL DEL SUR Y SUR - ORIENTE;FERROCARRIL TRANSANDINO S.A.;FERROCARRIL DEL SUR;LOCOMOTORAS; 49,517 
2022;11;FERROCARRIL DEL SUR Y SUR - ORIENTE;FERROCARRIL TRANSANDINO S.A.;FERROCARRIL DEL SUR;VAGONES; 340,596 
2022;11;FERROCARRIL DEL SUR Y SUR - ORIENTE;FERROCARRIL TRANSANDINO S.A.;FERROCARRIL DEL SUR;VAGONES DE TRABAJO; 17,572 
2022;12;FERROCARRIL DEL SUR Y SUR - ORIENTE;FERROCARRIL TRANSANDINO S.A.;FERROCARRIL DE SUR ORIENTE;AUTOVAGONES; 37,993 
2022;12;FERROCARRIL DEL SUR Y SUR - ORIENTE;FERROCARRIL TRANSANDINO S.A.;FERROCARRIL DE SUR ORIENTE;COCHES; 162,902 
2022;12;FERROCARRIL DEL SUR Y SUR - ORIENTE;FERROCARRIL TRANSANDINO S.A.;FERROCARRIL DE SUR ORIENTE;LOCOMOTORAS; 45,690 
2022;12;FERROCARRIL DEL SUR Y SUR - ORIENTE;FERROCARRIL TRANSANDINO S.A.;FERROCARRIL DE SUR ORIENTE;VAGONES; 18,599 
2022;12;FERROCARRIL DEL SUR Y SUR - ORIENTE;FERROCARRIL TRANSANDINO S.A.;FERROCARRIL DE SUR ORIENTE;VAGONES DE TRABAJO; 1,735 
2022;12;FERROCARRIL DEL SUR Y SUR - ORIENTE;FERROVÍAS CENTRAL ANDINA S.A.  ;FERROCARRIL DEL CENTRO;VAGONES DE TRABAJO; -   
2022;12;FERROCARRIL DEL SUR Y SUR - ORIENTE;FERROCARRIL TRANSANDINO S.A.;FERROCARRIL DEL SUR;AUTOVAGONES; -   
2022;12;FERROCARRIL DEL SUR Y SUR - ORIENTE;FERROCARRIL TRANSANDINO S.A.;FERROCARRIL DEL SUR;COCHES; 73,077 
2022;12;FERROCARRIL DEL SUR Y SUR - ORIENTE;FERROCARRIL TRANSANDINO S.A.;FERROCARRIL DEL SUR;LOCOMOTORAS; 80,497 
2022;12;FERROCARRIL DEL SUR Y SUR - ORIENTE;FERROCARRIL TRANSANDINO S.A.;FERROCARRIL DEL SUR;VAGONES; 682,179 
2022;12;FERROCARRIL DEL SUR Y SUR - ORIENTE;FERROCARRIL TRANSANDINO S.A.;FERROCARRIL DEL SUR;VAGONES DE TRABAJO; 1,078 
2023;1;FERROCARRIL DEL SUR Y SUR - ORIENTE;FERROCARRIL TRANSANDINO S.A.;FERROCARRIL DE SUR ORIENTE;AUTOVAGONES; 20,222 
2023;1;FERROCARRIL DEL SUR Y SUR - ORIENTE;FERROCARRIL TRANSANDINO S.A.;FERROCARRIL DE SUR ORIENTE;COCHES; 52,824 
2023;1;FERROCARRIL DEL SUR Y SUR - ORIENTE;FERROCARRIL TRANSANDINO S.A.;FERROCARRIL DE SUR ORIENTE;LOCOMOTORAS; 14,447 
2023;1;FERROCARRIL DEL SUR Y SUR - ORIENTE;FERROCARRIL TRANSANDINO S.A.;FERROCARRIL DE SUR ORIENTE;VAGONES; 4,806 
2023;1;FERROCARRIL DEL SUR Y SUR - ORIENTE;FERROCARRIL TRANSANDINO S.A.;FERROCARRIL DE SUR ORIENTE;VAGONES DE TRABAJO; 476 
2023;1;FERROCARRIL DEL SUR Y SUR - ORIENTE;FERROVÍAS CENTRAL ANDINA S.A.  ;FERROCARRIL DEL CENTRO;VAGONES DE TRABAJO; 598 
2023;1;FERROCARRIL DEL SUR Y SUR - ORIENTE;FERROCARRIL TRANSANDINO S.A.;FERROCARRIL DEL SUR;AUTOVAGONES; -   
2023;1;FERROCARRIL DEL SUR Y SUR - ORIENTE;FERROCARRIL TRANSANDINO S.A.;FERROCARRIL DEL SUR;COCHES; 10,490 
2023;1;FERROCARRIL DEL SUR Y SUR - ORIENTE;FERROCARRIL TRANSANDINO S.A.;FERROCARRIL DEL SUR;LOCOMOTORAS; 42,888 
2023;1;FERROCARRIL DEL SUR Y SUR - ORIENTE;FERROCARRIL TRANSANDINO S.A.;FERROCARRIL DEL SUR;VAGONES; 506,444 
2023;1;FERROCARRIL DEL SUR Y SUR - ORIENTE;FERROCARRIL TRANSANDINO S.A.;FERROCARRIL DEL SUR;VAGONES DE TRABAJO; 873 
2023;2;FERROCARRIL DEL SUR Y SUR - ORIENTE;FERROCARRIL TRANSANDINO S.A.;FERROCARRIL DE SUR ORIENTE;AUTOVAGONES; 7,998 
2023;2;FERROCARRIL DEL SUR Y SUR - ORIENTE;FERROCARRIL TRANSANDINO S.A.;FERROCARRIL DE SUR ORIENTE;COCHES; 33,127 
2023;2;FERROCARRIL DEL SUR Y SUR - ORIENTE;FERROCARRIL TRANSANDINO S.A.;FERROCARRIL DE SUR ORIENTE;LOCOMOTORAS; 10,281 
2023;2;FERROCARRIL DEL SUR Y SUR - ORIENTE;FERROCARRIL TRANSANDINO S.A.;FERROCARRIL DE SUR ORIENTE;VAGONES; 2,830 
2023;2;FERROCARRIL DEL SUR Y SUR - ORIENTE;FERROCARRIL TRANSANDINO S.A.;FERROCARRIL DE SUR ORIENTE;VAGONES DE TRABAJO; 2,626 
2023;2;FERROCARRIL DEL SUR Y SUR - ORIENTE;FERROVÍAS CENTRAL ANDINA S.A.  ;FERROCARRIL DEL CENTRO;VAGONES DE TRABAJO; -   
2023;2;FERROCARRIL DEL SUR Y SUR - ORIENTE;FERROCARRIL TRANSANDINO S.A.;FERROCARRIL DEL SUR;AUTOVAGONES; -   
2023;2;FERROCARRIL DEL SUR Y SUR - ORIENTE;FERROCARRIL TRANSANDINO S.A.;FERROCARRIL DEL SUR;COCHES; -   
2023;2;FERROCARRIL DEL SUR Y SUR - ORIENTE;FERROCARRIL TRANSANDINO S.A.;FERROCARRIL DEL SUR;LOCOMOTORAS; 26,527 
2023;2;FERROCARRIL DEL SUR Y SUR - ORIENTE;FERROCARRIL TRANSANDINO S.A.;FERROCARRIL DEL SUR;VAGONES; 346,095 
2023;2;FERROCARRIL DEL SUR Y SUR - ORIENTE;FERROCARRIL TRANSANDINO S.A.;FERROCARRIL DEL SUR;VAGONES DE TRABAJO; 2,999 
2023;3;FERROCARRIL DEL SUR Y SUR - ORIENTE;FERROCARRIL TRANSANDINO S.A.;FERROCARRIL DE SUR ORIENTE;AUTOVAGONES; 27,727 
2023;3;FERROCARRIL DEL SUR Y SUR - ORIENTE;FERROCARRIL TRANSANDINO S.A.;FERROCARRIL DE SUR ORIENTE;COCHES; 113,786 
2023;3;FERROCARRIL DEL SUR Y SUR - ORIENTE;FERROCARRIL TRANSANDINO S.A.;FERROCARRIL DE SUR ORIENTE;LOCOMOTORAS; 34,698 
2023;3;FERROCARRIL DEL SUR Y SUR - ORIENTE;FERROCARRIL TRANSANDINO S.A.;FERROCARRIL DE SUR ORIENTE;VAGONES; 21,018 
2023;3;FERROCARRIL DEL SUR Y SUR - ORIENTE;FERROCARRIL TRANSANDINO S.A.;FERROCARRIL DE SUR ORIENTE;VAGONES DE TRABAJO; 1,615 
2023;3;FERROCARRIL DEL SUR Y SUR - ORIENTE;FERROVÍAS CENTRAL ANDINA S.A.  ;FERROCARRIL DEL CENTRO;VAGONES DE TRABAJO; 3,700 
2023;3;FERROCARRIL DEL SUR Y SUR - ORIENTE;FERROCARRIL TRANSANDINO S.A.;FERROCARRIL DEL SUR;AUTOVAGONES; -   
2023;3;FERROCARRIL DEL SUR Y SUR - ORIENTE;FERROCARRIL TRANSANDINO S.A.;FERROCARRIL DEL SUR;COCHES; -   
2023;3;FERROCARRIL DEL SUR Y SUR - ORIENTE;FERROCARRIL TRANSANDINO S.A.;FERROCARRIL DEL SUR;LOCOMOTORAS; 126,413 
2023;3;FERROCARRIL DEL SUR Y SUR - ORIENTE;FERROCARRIL TRANSANDINO S.A.;FERROCARRIL DEL SUR;VAGONES; 1,265,090 
2023;3;FERROCARRIL DEL SUR Y SUR - ORIENTE;FERROCARRIL TRANSANDINO S.A.;FERROCARRIL DEL SUR;VAGONES DE TRABAJO; 6,089 
2023;4;FERROCARRIL DEL SUR Y SUR - ORIENTE;FERROCARRIL TRANSANDINO S.A.;FERROCARRIL DE SUR ORIENTE;AUTOVAGONES; 57,010 
2023;4;FERROCARRIL DEL SUR Y SUR - ORIENTE;FERROCARRIL TRANSANDINO S.A.;FERROCARRIL DE SUR ORIENTE;COCHES; 151,820 
2023;4;FERROCARRIL DEL SUR Y SUR - ORIENTE;FERROCARRIL TRANSANDINO S.A.;FERROCARRIL DE SUR ORIENTE;LOCOMOTORAS; 43,167 
2023;4;FERROCARRIL DEL SUR Y SUR - ORIENTE;FERROCARRIL TRANSANDINO S.A.;FERROCARRIL DE SUR ORIENTE;VAGONES; 20,944 
2023;4;FERROCARRIL DEL SUR Y SUR - ORIENTE;FERROCARRIL TRANSANDINO S.A.;FERROCARRIL DE SUR ORIENTE;VAGONES DE TRABAJO; 2,014 
2023;4;FERROCARRIL DEL SUR Y SUR - ORIENTE;FERROVÍAS CENTRAL ANDINA S.A.  ;FERROCARRIL DEL CENTRO;VAGONES DE TRABAJO; 6,029 
2023;4;FERROCARRIL DEL SUR Y SUR - ORIENTE;FERROCARRIL TRANSANDINO S.A.;FERROCARRIL DEL SUR;AUTOVAGONES; -   
2023;4;FERROCARRIL DEL SUR Y SUR - ORIENTE;FERROCARRIL TRANSANDINO S.A.;FERROCARRIL DEL SUR;COCHES; 9,500 
2023;4;FERROCARRIL DEL SUR Y SUR - ORIENTE;FERROCARRIL TRANSANDINO S.A.;FERROCARRIL DEL SUR;LOCOMOTORAS; 194,464 
2023;4;FERROCARRIL DEL SUR Y SUR - ORIENTE;FERROCARRIL TRANSANDINO S.A.;FERROCARRIL DEL SUR;VAGONES; 1,811,891 
2023;4;FERROCARRIL DEL SUR Y SUR - ORIENTE;FERROCARRIL TRANSANDINO S.A.;FERROCARRIL DEL SUR;VAGONES DE TRABAJO; 9,728 
2023;5;FERROCARRIL DEL SUR Y SUR - ORIENTE;FERROCARRIL TRANSANDINO S.A.;FERROCARRIL DE SUR ORIENTE;AUTOVAGONES; 65,766 
2023;5;FERROCARRIL DEL SUR Y SUR - ORIENTE;FERROCARRIL TRANSANDINO S.A.;FERROCARRIL DE SUR ORIENTE;COCHES; 207,557 
2023;5;FERROCARRIL DEL SUR Y SUR - ORIENTE;FERROCARRIL TRANSANDINO S.A.;FERROCARRIL DE SUR ORIENTE;LOCOMOTORAS; 61,802 
2023;5;FERROCARRIL DEL SUR Y SUR - ORIENTE;FERROCARRIL TRANSANDINO S.A.;FERROCARRIL DE SUR ORIENTE;VAGONES; 23,260 
2023;5;FERROCARRIL DEL SUR Y SUR - ORIENTE;FERROCARRIL TRANSANDINO S.A.;FERROCARRIL DE SUR ORIENTE;VAGONES DE TRABAJO; 1,673 
2023;5;FERROCARRIL DEL SUR Y SUR - ORIENTE;FERROVÍAS CENTRAL ANDINA S.A.  ;FERROCARRIL DEL CENTRO;VAGONES DE TRABAJO; -   
2023;5;FERROCARRIL DEL SUR Y SUR - ORIENTE;FERROCARRIL TRANSANDINO S.A.;FERROCARRIL DEL SUR;AUTOVAGONES; -   
2023;5;FERROCARRIL DEL SUR Y SUR - ORIENTE;FERROCARRIL TRANSANDINO S.A.;FERROCARRIL DEL SUR;COCHES; 73,936 
2023;5;FERROCARRIL DEL SUR Y SUR - ORIENTE;FERROCARRIL TRANSANDINO S.A.;FERROCARRIL DEL SUR;LOCOMOTORAS; 194,919 
2023;5;FERROCARRIL DEL SUR Y SUR - ORIENTE;FERROCARRIL TRANSANDINO S.A.;FERROCARRIL DEL SUR;VAGONES; 1,733,994 
2023;5;FERROCARRIL DEL SUR Y SUR - ORIENTE;FERROCARRIL TRANSANDINO S.A.;FERROCARRIL DEL SUR;VAGONES DE TRABAJO; 8,574 
2023;6;FERROCARRIL DEL SUR Y SUR - ORIENTE;FERROCARRIL TRANSANDINO S.A.;FERROCARRIL DE SUR ORIENTE;AUTOVAGONES; 67,919 
2023;6;FERROCARRIL DEL SUR Y SUR - ORIENTE;FERROCARRIL TRANSANDINO S.A.;FERROCARRIL DE SUR ORIENTE;COCHES; 223,250 
2023;6;FERROCARRIL DEL SUR Y SUR - ORIENTE;FERROCARRIL TRANSANDINO S.A.;FERROCARRIL DE SUR ORIENTE;LOCOMOTORAS; 60,638 
2023;6;FERROCARRIL DEL SUR Y SUR - ORIENTE;FERROCARRIL TRANSANDINO S.A.;FERROCARRIL DE SUR ORIENTE;VAGONES; 18,835 
2023;6;FERROCARRIL DEL SUR Y SUR - ORIENTE;FERROCARRIL TRANSANDINO S.A.;FERROCARRIL DE SUR ORIENTE;VAGONES DE TRABAJO; 1,536 
2023;6;FERROCARRIL DEL SUR Y SUR - ORIENTE;FERROVÍAS CENTRAL ANDINA S.A.  ;FERROCARRIL DEL CENTRO;VAGONES DE TRABAJO; 1,394 
2023;6;FERROCARRIL DEL SUR Y SUR - ORIENTE;FERROCARRIL TRANSANDINO S.A.;FERROCARRIL DEL SUR;AUTOVAGONES; -   
2023;6;FERROCARRIL DEL SUR Y SUR - ORIENTE;FERROCARRIL TRANSANDINO S.A.;FERROCARRIL DEL SUR;COCHES; 155,007 
2023;6;FERROCARRIL DEL SUR Y SUR - ORIENTE;FERROCARRIL TRANSANDINO S.A.;FERROCARRIL DEL SUR;LOCOMOTORAS; 214,743 
2023;6;FERROCARRIL DEL SUR Y SUR - ORIENTE;FERROCARRIL TRANSANDINO S.A.;FERROCARRIL DEL SUR;VAGONES; 1,812,156 
2023;6;FERROCARRIL DEL SUR Y SUR - ORIENTE;FERROCARRIL TRANSANDINO S.A.;FERROCARRIL DEL SUR;VAGONES DE TRABAJO; 10,242 
2023;7;FERROCARRIL DEL SUR Y SUR - ORIENTE;FERROCARRIL TRANSANDINO S.A.;FERROCARRIL DE SUR ORIENTE;AUTOVAGONES; 110,095 
2023;7;FERROCARRIL DEL SUR Y SUR - ORIENTE;FERROCARRIL TRANSANDINO S.A.;FERROCARRIL DE SUR ORIENTE;COCHES; 221,659 
2023;7;FERROCARRIL DEL SUR Y SUR - ORIENTE;FERROCARRIL TRANSANDINO S.A.;FERROCARRIL DE SUR ORIENTE;LOCOMOTORAS; 55,768 
2023;7;FERROCARRIL DEL SUR Y SUR - ORIENTE;FERROCARRIL TRANSANDINO S.A.;FERROCARRIL DE SUR ORIENTE;VAGONES; 22,045 
2023;7;FERROCARRIL DEL SUR Y SUR - ORIENTE;FERROCARRIL TRANSANDINO S.A.;FERROCARRIL DE SUR ORIENTE;VAGONES DE TRABAJO; 2,410 
2023;7;FERROCARRIL DEL SUR Y SUR - ORIENTE;FERROVÍAS CENTRAL ANDINA S.A.  ;FERROCARRIL DEL CENTRO;VAGONES DE TRABAJO; 3,759 
2023;7;FERROCARRIL DEL SUR Y SUR - ORIENTE;FERROCARRIL TRANSANDINO S.A.;FERROCARRIL DEL SUR;AUTOVAGONES; -   
2023;7;FERROCARRIL DEL SUR Y SUR - ORIENTE;FERROCARRIL TRANSANDINO S.A.;FERROCARRIL DEL SUR;COCHES; 162,169 
2023;7;FERROCARRIL DEL SUR Y SUR - ORIENTE;FERROCARRIL TRANSANDINO S.A.;FERROCARRIL DEL SUR;LOCOMOTORAS; 205,271 
2023;7;FERROCARRIL DEL SUR Y SUR - ORIENTE;FERROCARRIL TRANSANDINO S.A.;FERROCARRIL DEL SUR;VAGONES; 1,745,826 
2023;7;FERROCARRIL DEL SUR Y SUR - ORIENTE;FERROCARRIL TRANSANDINO S.A.;FERROCARRIL DEL SUR;VAGONES DE TRABAJO; 8,301 
2023;8;FERROCARRIL DEL SUR Y SUR - ORIENTE;FERROCARRIL TRANSANDINO S.A.;FERROCARRIL DE SUR ORIENTE;AUTOVAGONES; 110,050 
2023;8;FERROCARRIL DEL SUR Y SUR - ORIENTE;FERROCARRIL TRANSANDINO S.A.;FERROCARRIL DE SUR ORIENTE;COCHES; 179,128 
2023;8;FERROCARRIL DEL SUR Y SUR - ORIENTE;FERROCARRIL TRANSANDINO S.A.;FERROCARRIL DE SUR ORIENTE;LOCOMOTORAS; 45,741 
2023;8;FERROCARRIL DEL SUR Y SUR - ORIENTE;FERROCARRIL TRANSANDINO S.A.;FERROCARRIL DE SUR ORIENTE;VAGONES; 22,549 
2023;8;FERROCARRIL DEL SUR Y SUR - ORIENTE;FERROCARRIL TRANSANDINO S.A.;FERROCARRIL DE SUR ORIENTE;VAGONES DE TRABAJO; 2,058 
2023;8;FERROCARRIL DEL SUR Y SUR - ORIENTE;FERROVÍAS CENTRAL ANDINA S.A.  ;FERROCARRIL DEL CENTRO;VAGONES DE TRABAJO; 1,979 
2023;8;FERROCARRIL DEL SUR Y SUR - ORIENTE;FERROCARRIL TRANSANDINO S.A.;FERROCARRIL DEL SUR;AUTOVAGONES; -   
2023;8;FERROCARRIL DEL SUR Y SUR - ORIENTE;FERROCARRIL TRANSANDINO S.A.;FERROCARRIL DEL SUR;COCHES; 206,651 
2023;8;FERROCARRIL DEL SUR Y SUR - ORIENTE;FERROCARRIL TRANSANDINO S.A.;FERROCARRIL DEL SUR;LOCOMOTORAS; 216,697 
2023;8;FERROCARRIL DEL SUR Y SUR - ORIENTE;FERROCARRIL TRANSANDINO S.A.;FERROCARRIL DEL SUR;VAGONES; 1,791,580 
2023;8;FERROCARRIL DEL SUR Y SUR - ORIENTE;FERROCARRIL TRANSANDINO S.A.;FERROCARRIL DEL SUR;VAGONES DE TRABAJO; 13,318 
2023;9;FERROCARRIL DEL SUR Y SUR - ORIENTE;FERROCARRIL TRANSANDINO S.A.;FERROCARRIL DE SUR ORIENTE;AUTOVAGONES; 102,739 
2023;9;FERROCARRIL DEL SUR Y SUR - ORIENTE;FERROCARRIL TRANSANDINO S.A.;FERROCARRIL DE SUR ORIENTE;COCHES; 173,450 
2023;9;FERROCARRIL DEL SUR Y SUR - ORIENTE;FERROCARRIL TRANSANDINO S.A.;FERROCARRIL DE SUR ORIENTE;LOCOMOTORAS; 43,880 
2023;9;FERROCARRIL DEL SUR Y SUR - ORIENTE;FERROCARRIL TRANSANDINO S.A.;FERROCARRIL DE SUR ORIENTE;VAGONES; 22,738 
2023;9;FERROCARRIL DEL SUR Y SUR - ORIENTE;FERROCARRIL TRANSANDINO S.A.;FERROCARRIL DE SUR ORIENTE;VAGONES DE TRABAJO; 2,314 
2023;9;FERROCARRIL DEL SUR Y SUR - ORIENTE;FERROVÍAS CENTRAL ANDINA S.A.  ;FERROCARRIL DEL CENTRO;VAGONES DE TRABAJO; 99 
2023;9;FERROCARRIL DEL SUR Y SUR - ORIENTE;FERROCARRIL TRANSANDINO S.A.;FERROCARRIL DEL SUR;AUTOVAGONES; -   
2023;9;FERROCARRIL DEL SUR Y SUR - ORIENTE;FERROCARRIL TRANSANDINO S.A.;FERROCARRIL DEL SUR;COCHES; 199,151 
2023;9;FERROCARRIL DEL SUR Y SUR - ORIENTE;FERROCARRIL TRANSANDINO S.A.;FERROCARRIL DEL SUR;LOCOMOTORAS; 218,251 
2023;9;FERROCARRIL DEL SUR Y SUR - ORIENTE;FERROCARRIL TRANSANDINO S.A.;FERROCARRIL DEL SUR;VAGONES; 1,799,078 
2023;9;FERROCARRIL DEL SUR Y SUR - ORIENTE;FERROCARRIL TRANSANDINO S.A.;FERROCARRIL DEL SUR;VAGONES DE TRABAJO; 14,158 
2023;10;FERROCARRIL DEL SUR Y SUR - ORIENTE;FERROCARRIL TRANSANDINO S.A.;FERROCARRIL DE SUR ORIENTE;AUTOVAGONES; 110,694 
2023;10;FERROCARRIL DEL SUR Y SUR - ORIENTE;FERROCARRIL TRANSANDINO S.A.;FERROCARRIL DE SUR ORIENTE;COCHES; 184,288 
2023;10;FERROCARRIL DEL SUR Y SUR - ORIENTE;FERROCARRIL TRANSANDINO S.A.;FERROCARRIL DE SUR ORIENTE;LOCOMOTORAS; 46,808 
2023;10;FERROCARRIL DEL SUR Y SUR - ORIENTE;FERROCARRIL TRANSANDINO S.A.;FERROCARRIL DE SUR ORIENTE;VAGONES; 24,337 
2023;10;FERROCARRIL DEL SUR Y SUR - ORIENTE;FERROCARRIL TRANSANDINO S.A.;FERROCARRIL DE SUR ORIENTE;VAGONES DE TRABAJO; 2,085 
2023;10;FERROCARRIL DEL SUR Y SUR - ORIENTE;FERROVÍAS CENTRAL ANDINA S.A.  ;FERROCARRIL DEL CENTRO;VAGONES DE TRABAJO; 198 
2023;10;FERROCARRIL DEL SUR Y SUR - ORIENTE;FERROCARRIL TRANSANDINO S.A.;FERROCARRIL DEL SUR;AUTOVAGONES; -   
2023;10;FERROCARRIL DEL SUR Y SUR - ORIENTE;FERROCARRIL TRANSANDINO S.A.;FERROCARRIL DEL SUR;COCHES; 216,395 
2023;10;FERROCARRIL DEL SUR Y SUR - ORIENTE;FERROCARRIL TRANSANDINO S.A.;FERROCARRIL DEL SUR;LOCOMOTORAS; 210,113 
2023;10;FERROCARRIL DEL SUR Y SUR - ORIENTE;FERROCARRIL TRANSANDINO S.A.;FERROCARRIL DEL SUR;VAGONES; 1,755,970 
2023;10;FERROCARRIL DEL SUR Y SUR - ORIENTE;FERROCARRIL TRANSANDINO S.A.;FERROCARRIL DEL SUR;VAGONES DE TRABAJO; 18,718 
2023;11;FERROCARRIL DEL SUR Y SUR - ORIENTE;FERROCARRIL TRANSANDINO S.A.;FERROCARRIL DE SUR ORIENTE;AUTOVAGONES; 97,677 
2023;11;FERROCARRIL DEL SUR Y SUR - ORIENTE;FERROCARRIL TRANSANDINO S.A.;FERROCARRIL DE SUR ORIENTE;COCHES; 170,490 
2023;11;FERROCARRIL DEL SUR Y SUR - ORIENTE;FERROCARRIL TRANSANDINO S.A.;FERROCARRIL DE SUR ORIENTE;LOCOMOTORAS; 44,197 
2023;11;FERROCARRIL DEL SUR Y SUR - ORIENTE;FERROCARRIL TRANSANDINO S.A.;FERROCARRIL DE SUR ORIENTE;VAGONES; 23,973 
2023;11;FERROCARRIL DEL SUR Y SUR - ORIENTE;FERROCARRIL TRANSANDINO S.A.;FERROCARRIL DE SUR ORIENTE;VAGONES DE TRABAJO; 2,910 
2023;11;FERROCARRIL DEL SUR Y SUR - ORIENTE;FERROVÍAS CENTRAL ANDINA S.A.  ;FERROCARRIL DEL CENTRO;VAGONES DE TRABAJO; 2,947 
2023;11;FERROCARRIL DEL SUR Y SUR - ORIENTE;FERROCARRIL TRANSANDINO S.A.;FERROCARRIL DEL SUR;AUTOVAGONES; -   
2023;11;FERROCARRIL DEL SUR Y SUR - ORIENTE;FERROCARRIL TRANSANDINO S.A.;FERROCARRIL DEL SUR;COCHES; 209,905 
2023;11;FERROCARRIL DEL SUR Y SUR - ORIENTE;FERROCARRIL TRANSANDINO S.A.;FERROCARRIL DEL SUR;LOCOMOTORAS; 164,400 
2023;11;FERROCARRIL DEL SUR Y SUR - ORIENTE;FERROCARRIL TRANSANDINO S.A.;FERROCARRIL DEL SUR;VAGONES; 1,288,346 
2023;11;FERROCARRIL DEL SUR Y SUR - ORIENTE;FERROCARRIL TRANSANDINO S.A.;FERROCARRIL DEL SUR;VAGONES DE TRABAJO; 34,094 
2023;12;FERROCARRIL DEL SUR Y SUR - ORIENTE;FERROCARRIL TRANSANDINO S.A.;FERROCARRIL DE SUR ORIENTE;AUTOVAGONES; 86,450 
2023;12;FERROCARRIL DEL SUR Y SUR - ORIENTE;FERROCARRIL TRANSANDINO S.A.;FERROCARRIL DE SUR ORIENTE;COCHES; 174,671 
2023;12;FERROCARRIL DEL SUR Y SUR - ORIENTE;FERROCARRIL TRANSANDINO S.A.;FERROCARRIL DE SUR ORIENTE;LOCOMOTORAS; 49,686 
2023;12;FERROCARRIL DEL SUR Y SUR - ORIENTE;FERROCARRIL TRANSANDINO S.A.;FERROCARRIL DE SUR ORIENTE;VAGONES; 23,384 
2023;12;FERROCARRIL DEL SUR Y SUR - ORIENTE;FERROCARRIL TRANSANDINO S.A.;FERROCARRIL DE SUR ORIENTE;VAGONES DE TRABAJO; 3,342 
2023;12;FERROCARRIL DEL SUR Y SUR - ORIENTE;FERROVÍAS CENTRAL ANDINA S.A.  ;FERROCARRIL DEL CENTRO;VAGONES DE TRABAJO; -   
2023;12;FERROCARRIL DEL SUR Y SUR - ORIENTE;FERROCARRIL TRANSANDINO S.A.;FERROCARRIL DEL SUR;AUTOVAGONES; -   
2023;12;FERROCARRIL DEL SUR Y SUR - ORIENTE;FERROCARRIL TRANSANDINO S.A.;FERROCARRIL DEL SUR;COCHES; 175,474 
2023;12;FERROCARRIL DEL SUR Y SUR - ORIENTE;FERROCARRIL TRANSANDINO S.A.;FERROCARRIL DEL SUR;LOCOMOTORAS; 170,358 
2023;12;FERROCARRIL DEL SUR Y SUR - ORIENTE;FERROCARRIL TRANSANDINO S.A.;FERROCARRIL DEL SUR;VAGONES; 1,393,902 
2023;12;FERROCARRIL DEL SUR Y SUR - ORIENTE;FERROCARRIL TRANSANDINO S.A.;FERROCARRIL DEL SUR;VAGONES DE TRABAJO; 9,270 
